challenge_id,exercise_id,position,original_challenge_id
0,41,1.0,69
1,41,2.0,70
2,41,3.0,71
3,41,4.0,72
4,41,5.0,73
5,41,6.0,74
6,41,7.0,75
7,49,1.0,80
8,49,2.0,81
9,49,3.0,82
10,51,1.0,90
11,51,2.0,91
12,51,3.0,92
13,53,4.0,97
14,53,2.0,98
15,53,1.0,99
16,53,3.0,100
17,54,1.0,101
18,54,2.0,102
19,54,3.0,103
20,56,1.0,104
21,56,2.0,105
22,56,3.0,106
23,57,1.0,107
24,57,2.0,108
25,57,3.0,109
26,60,1.0,114
27,60,2.0,115
28,60,3.0,116
29,60,4.0,117
30,61,1.0,118
31,61,2.0,119
32,61,3.0,120
33,61,4.0,121
34,67,1.0,135
35,67,2.0,136
36,67,3.0,137
37,67,4.0,139
38,69,1.0,140
39,69,2.0,141
40,69,3.0,142
41,69,4.0,143
42,70,1.0,144
43,71,1.0,145
44,71,2.0,146
45,71,3.0,159
46,71,4.0,160
47,71,5.0,161
48,71,6.0,162
49,78,1.0,166
50,78,2.0,167
51,78,3.0,168
52,76,1.0,169
53,76,2.0,170
54,76,3.0,171
55,76,4.0,172
56,76,5.0,173
57,76,6.0,174
58,70,2.0,175
59,81,1.0,176
60,81,2.0,177
61,81,3.0,178
62,82,1.0,179
63,82,2.0,180
64,82,3.0,181
65,80,1.0,189
66,80,2.0,190
67,80,3.0,191
68,80,4.0,192
69,80,5.0,193
70,80,6.0,194
71,85,1.0,195
72,88,1.0,196
73,88,2.0,197
74,88,3.0,198
75,88,4.0,199
76,89,1.0,200
77,89,2.0,201
78,89,3.0,202
79,90,1.0,203
80,90,2.0,204
81,90,3.0,205
82,92,1.0,207
83,92,2.0,208
84,92,3.0,209
85,92,4.0,210
86,93,1.0,211
87,93,2.0,212
88,93,3.0,213
89,95,1.0,214
90,95,2.0,215
91,95,3.0,216
92,96,1.0,217
93,96,2.0,218
94,96,3.0,219
95,96,4.0,220
96,97,1.0,221
97,97,2.0,222
98,97,3.0,223
99,103,1.0,228
100,103,2.0,229
101,99,1.0,230
102,99,2.0,231
103,99,3.0,232
104,99,4.0,233
105,99,5.0,234
106,99,6.0,235
107,100,1.0,243
108,100,2.0,244
109,100,3.0,245
110,100,4.0,246
111,85,2.0,257
112,110,1.0,261
113,110,2.0,263
114,110,3.0,267
115,110,4.0,268
116,110,5.0,276
117,110,6.0,278
118,85,3.0,279
119,118,1.0,280
120,118,2.0,281
121,119,1.0,282
122,119,2.0,283
123,119,3.0,284
124,101,1.0,288
125,101,2.0,289
126,101,3.0,290
127,101,4.0,291
128,101,5.0,292
129,101,6.0,293
130,101,7.0,294
131,101,8.0,295
132,101,9.0,296
133,101,10.0,297
134,85,4.0,298
135,85,5.0,299
136,85,6.0,300
137,85,7.0,301
138,78,4.0,302
139,110,7.0,303
140,120,1.0,304
141,120,2.0,305
142,120,3.0,306
143,120,4.0,307
144,120,5.0,308
145,121,1.0,313
146,121,2.0,314
147,121,3.0,315
148,122,1.0,316
149,102,1.0,323
150,102,2.0,324
151,102,3.0,325
152,102,4.0,326
153,131,1.0,349
154,131,2.0,350
155,131,3.0,351
156,132,1.0,356
157,132,2.0,357
158,132,3.0,358
159,132,4.0,360
160,110,8.0,361
161,133,1.0,362
162,137,1.0,365
163,140,2.0,368
164,140,1.0,371
165,141,1.0,374
166,144,2.0,379
167,144,4.0,380
168,141,2.0,381
169,144,1.0,382
170,140,3.0,383
171,141,3.0,385
172,140,4.0,386
173,145,1.0,387
174,148,1.0,389
175,149,1.0,390
176,149,2.0,391
177,149,3.0,392
178,145,2.0,399
179,152,1.0,400
180,154,1.0,401
181,153,1.0,402
182,153,2.0,403
183,153,3.0,404
184,143,1.0,406
185,143,2.0,407
186,143,3.0,409
187,143,4.0,410
188,133,2.0,412
189,133,3.0,413
190,143,5.0,414
191,143,6.0,415
192,144,3.0,416
193,157,1.0,417
194,145,3.0,418
195,145,4.0,419
196,122,2.0,420
197,156,1.0,421
198,137,2.0,422
199,122,3.0,423
200,161,1.0,424
201,155,1.0,425
202,156,2.0,426
203,148,3.0,427
204,155,2.0,428
205,155,3.0,429
206,148,4.0,431
207,148,5.0,432
208,161,2.0,433
209,156,3.0,434
210,167,1.0,438
211,167,2.0,439
212,167,3.0,440
213,161,3.0,442
214,157,3.0,444
215,157,4.0,445
216,168,1.0,446
217,168,2.0,447
218,168,3.0,448
219,169,1.0,449
220,169,2.0,450
221,169,3.0,451
222,170,1.0,452
223,170,2.0,453
224,171,1.0,454
225,171,2.0,455
226,171,3.0,456
227,171,4.0,457
228,171,5.0,458
229,172,1.0,459
230,172,2.0,461
231,172,3.0,462
232,172,4.0,463
233,173,1.0,464
234,173,2.0,465
235,173,3.0,466
236,173,4.0,467
237,166,1.0,468
238,166,2.0,469
239,166,3.0,470
240,166,4.0,471
241,157,2.0,472
242,175,1.0,473
243,175,2.0,474
244,159,1.0,475
245,159,2.0,476
246,158,1.0,477
247,159,3.0,491
248,154,4.0,492
249,154,5.0,493
250,177,1.0,494
251,177,2.0,495
252,177,3.0,496
253,178,1.0,497
254,178,2.0,498
255,180,1.0,499
256,180,2.0,501
257,180,3.0,502
258,180,4.0,503
259,180,5.0,504
260,181,1.0,505
261,181,2.0,506
262,181,3.0,507
263,174,1.0,509
264,164,1.0,511
265,164,2.0,512
266,164,3.0,513
267,174,2.0,514
268,174,3.0,518
269,186,1.0,519
270,186,2.0,520
271,187,1.0,521
272,187,2.0,522
273,187,3.0,523
274,187,4.0,524
275,187,5.0,525
276,187,6.0,526
277,189,1.0,527
278,189,2.0,528
279,189,3.0,529
280,189,4.0,530
281,189,5.0,531
282,186,3.0,532
283,186,6.0,533
284,190,1.0,536
285,190,2.0,537
286,190,3.0,538
287,190,4.0,539
288,190,5.0,540
289,193,1.0,547
290,193,2.0,548
291,193,3.0,549
292,192,1.0,550
293,193,4.0,551
294,192,2.0,552
295,193,5.0,553
296,193,6.0,554
297,194,1.0,562
298,194,2.0,563
299,194,3.0,564
300,196,1.0,569
301,186,4.0,573
302,186,5.0,574
303,148,2.0,578
304,203,1.0,580
305,203,2.0,581
306,203,3.0,582
307,203,4.0,583
308,203,5.0,584
309,152,2.0,588
310,154,2.0,589
311,152,3.0,591
312,206,1.0,592
313,206,2.0,593
314,207,1.0,594
315,207,2.0,595
316,152,4.0,597
317,152,5.0,598
318,154,3.0,600
319,152,6.0,601
320,152,7.0,602
321,152,8.0,607
322,158,2.0,608
323,158,3.0,610
324,158,4.0,611
325,154,6.0,612
326,213,1.0,621
327,110,9.0,623
328,213,2.0,629
329,218,1.0,635
330,218,2.0,636
331,218,3.0,637
332,131,4.0,638
333,223,1.0,639
334,224,1.0,650
335,224,2.0,651
336,224,3.0,653
337,232,1.0,654
338,223,2.0,658
339,223,3.0,660
340,223,4.0,661
341,232,2.0,662
342,232,3.0,663
343,222,1.0,683
344,222,2.0,684
345,221,1.0,686
346,222,3.0,687
347,221,2.0,697
348,221,3.0,698
349,222,4.0,700
350,231,1.0,705
351,231,2.0,706
352,252,2.0,707
353,252,3.0,708
354,252,4.0,710
355,231,3.0,719
356,256,1.0,722
357,256,2.0,723
358,233,1.0,773
359,256,3.0,774
360,233,2.0,775
361,273,1.0,776
362,233,3.0,779
363,273,2.0,780
364,273,3.0,781
365,275,1.0,782
366,234,1.0,784
367,275,2.0,785
368,275,3.0,791
369,277,1.0,792
370,277,2.0,793
371,278,1.0,794
372,278,2.0,795
373,277,3.0,796
374,278,3.0,801
375,229,2.0,803
376,234,2.0,805
377,234,3.0,806
378,279,1.0,854
379,252,1.0,866
380,229,1.0,867
381,305,1.0,868
382,305,2.0,869
383,307,1.0,874
384,308,1.0,875
385,309,1.0,876
386,235,1.0,878
387,235,2.0,879
388,235,3.0,880
389,313,1.0,893
390,313,3.0,929
391,313,2.0,930
392,313,4.0,932
393,208,1.0,936
394,330,1.0,937
395,330,2.0,938
396,208,2.0,939
397,209,1.0,940
398,209,2.0,941
399,279,2.0,942
400,342,1.0,967
401,342,2.0,968
402,341,1.0,969
403,344,2.0,972
404,344,3.0,973
405,344,1.0,975
406,346,1.0,976
407,341,2.0,977
408,341,3.0,978
409,236,1.0,979
410,346,2.0,980
411,236,2.0,982
412,347,1.0,983
413,347,2.0,989
414,346,3.0,990
415,346,4.0,991
416,353,1.0,1012
417,352,1.0,1013
418,352,2.0,1014
419,352,3.0,1015
420,352,4.0,1016
421,353,2.0,1017
422,353,3.0,1018
423,353,4.0,1023
424,361,1.0,1043
425,361,2.0,1047
426,361,3.0,1048
427,361,4.0,1049
428,368,1.0,1061
429,375,1.0,1082
430,375,2.0,1083
431,307,2.0,1087
432,377,1.0,1088
433,377,2.0,1094
434,377,3.0,1095
435,307,4.0,1096
436,377,4.0,1097
437,379,1.0,1098
438,379,2.0,1099
439,307,3.0,1105
440,368,2.0,1106
441,368,3.0,1107
442,368,4.0,1108
443,382,2.0,1113
444,382,3.0,1114
445,382,4.0,1115
446,382,1.0,1118
447,387,1.0,1125
448,387,2.0,1126
449,387,9.0,1127
450,387,8.0,1128
451,387,7.0,1129
452,387,6.0,1130
453,387,5.0,1131
454,387,4.0,1132
455,387,3.0,1133
456,393,1.0,1158
457,398,1.0,1163
458,393,2.0,1176
459,393,3.0,1177
460,402,1.0,1178
461,402,2.0,1179
462,402,3.0,1181
463,402,4.0,1182
464,405,1.0,1193
465,408,1.0,1198
466,405,2.0,1199
467,405,3.0,1200
468,408,2.0,1201
469,408,3.0,1202
470,398,2.0,1203
471,398,3.0,1204
472,418,1.0,1235
473,418,2.0,1236
474,421,3.0,1242
475,421,1.0,1243
476,421,5.0,1244
477,421,2.0,1245
478,421,4.0,1246
479,425,1.0,1257
480,425,2.0,1259
481,425,3.0,1260
482,427,1.0,1261
483,236,3.0,1294
484,428,1.0,1301
485,428,2.0,1303
486,428,3.0,1304
487,312,1.0,1305
488,312,2.0,1306
489,436,4.0,1312
490,436,1.0,1313
491,436,3.0,1314
492,436,2.0,1315
493,427,2.0,1316
494,312,3.0,1317
495,440,1.0,1328
496,440,2.0,1329
497,440,3.0,1330
498,440,4.0,1331
499,448,1.0,1336
500,448,2.0,1338
501,453,1.0,1351
502,453,2.0,1352
503,454,1.0,1353
504,454,2.0,1354
505,454,3.0,1355
506,454,4.0,1356
507,454,5.0,1357
508,456,1.0,1359
509,456,2.0,1361
510,457,2.0,1362
511,457,1.0,1369
512,460,1.0,1371
513,462,1.0,1373
514,462,2.0,1374
515,463,1.0,1375
516,463,2.0,1376
517,465,2.0,1382
518,465,1.0,1383
519,466,1.0,1384
520,466,2.0,1385
521,466,3.0,1386
522,469,1.0,1396
523,469,2.0,1399
524,469,3.0,1400
525,342,3.0,1401
526,427,3.0,1402
527,474,1.0,1406
528,474,2.0,1407
529,474,3.0,1408
530,476,1.0,1410
531,476,2.0,1411
532,476,3.0,1412
533,478,1.0,1416
534,478,2.0,1417
535,478,3.0,1418
536,481,1.0,1425
537,481,2.0,1426
538,481,3.0,1427
539,481,4.0,1428
540,481,5.0,1429
541,483,1.0,1440
542,483,2.0,1441
543,483,3.0,1447
544,485,1.0,1448
545,485,2.0,1449
546,485,3.0,1457
547,490,1.0,1458
548,490,2.0,1462
549,490,3.0,1464
550,490,4.0,1465
551,494,1.0,1467
552,494,2.0,1472
553,498,1.0,1474
554,498,2.0,1475
555,498,3.0,1476
556,499,1.0,1477
557,499,2.0,1478
558,499,3.0,1479
559,499,4.0,1480
560,497,1.0,1481
561,497,2.0,1482
562,497,3.0,1483
563,495,1.0,1495
564,504,1.0,1497
565,495,2.0,1498
566,505,1.0,1500
567,495,3.0,1501
568,506,1.0,1502
569,506,2.0,1503
570,506,3.0,1504
571,495,4.0,1505
572,515,1.0,1526
573,515,2.0,1527
574,515,3.0,1528
575,515,4.0,1529
576,505,2.0,1531
577,457,3.0,1541
578,522,1.0,1543
579,522,2.0,1544
580,522,3.0,1545
581,523,1.0,1546
582,523,2.0,1547
583,523,3.0,1548
584,523,4.0,1549
585,524,1.0,1550
586,524,4.0,1551
587,524,2.0,1552
588,524,3.0,1553
589,526,1.0,1555
590,526,2.0,1556
591,526,3.0,1557
592,528,1.0,1558
593,528,2.0,1559
594,528,3.0,1560
595,528,4.0,1561
596,504,2.0,1562
597,504,3.0,1563
598,504,4.0,1564
599,527,1.0,1566
600,535,1.0,1577
601,535,2.0,1578
602,535,3.0,1579
603,535,5.0,1580
604,535,4.0,1581
605,503,1.0,1586
606,503,2.0,1587
607,503,3.0,1588
608,503,4.0,1599
609,536,1.0,1602
610,536,2.0,1603
611,536,3.0,1604
612,536,4.0,1605
613,548,1.0,1613
614,548,2.0,1614
615,548,3.0,1615
616,534,1.0,1619
617,563,1.0,1663
618,563,2.0,1664
619,563,3.0,1665
620,570,1.0,1687
621,570,2.0,1688
622,570,3.0,1689
623,570,4.0,1690
624,571,1.0,1692
625,571,2.0,1694
626,571,3.0,1695
627,572,1.0,1697
628,572,2.0,1698
629,572,3.0,1699
630,573,2.0,1700
631,573,1.0,1701
632,573,3.0,1702
633,573,4.0,1703
634,573,5.0,1704
635,574,1.0,1705
636,574,2.0,1707
637,574,3.0,1708
638,574,4.0,1710
639,555,1.0,1714
640,534,2.0,1716
641,534,3.0,1765
642,597,1.0,1778
643,597,2.0,1782
644,597,3.0,1783
645,597,4.0,1784
646,527,2.0,1788
647,543,1.0,1790
648,543,2.0,1791
649,603,1.0,1793
650,603,2.0,1794
651,603,3.0,1795
652,606,1.0,1798
653,606,2.0,1799
654,606,3.0,1800
655,607,2.0,1801
656,607,3.0,1802
657,607,4.0,1803
658,607,5.0,1804
659,608,1.0,1807
660,608,2.0,1808
661,608,3.0,1809
662,555,2.0,1812
663,555,3.0,1813
664,527,3.0,1816
665,597,5.0,1817
666,613,1.0,1822
667,606,4.0,1823
668,607,1.0,1830
669,619,1.0,1832
670,619,2.0,1833
671,609,1.0,1834
672,609,2.0,1835
673,609,3.0,1837
674,620,1.0,1838
675,620,2.0,1839
676,620,4.0,1840
677,609,4.0,1841
678,620,3.0,1842
679,611,1.0,1843
680,611,2.0,1844
681,611,3.0,1845
682,611,4.0,1846
683,625,1.0,1861
684,613,2.0,1862
685,627,1.0,1864
686,626,1.0,1867
687,629,1.0,1868
688,629,2.0,1869
689,629,3.0,1870
690,626,2.0,1872
691,625,2.0,1873
692,627,2.0,1879
693,627,3.0,1880
694,627,4.0,1881
695,633,1.0,1904
696,633,2.0,1907
697,633,3.0,1908
698,638,1.0,1914
699,638,2.0,1919
700,638,3.0,1926
701,638,4.0,1928
702,641,1.0,1932
703,641,2.0,1935
704,641,3.0,1936
705,642,1.0,1937
706,629,4.0,1939
707,644,1.0,1940
708,644,2.0,1944
709,644,3.0,1946
710,644,4.0,1947
711,644,5.0,1952
712,642,2.0,1953
713,649,1.0,1962
714,649,2.0,1963
715,652,1.0,1964
716,651,1.0,1965
717,651,3.0,1967
718,652,2.0,1972
719,652,3.0,1975
720,299,1.0,1979
721,299,3.0,1980
722,299,2.0,1981
723,651,5.0,1983
724,659,1.0,1986
725,659,2.0,1987
726,659,3.0,1988
727,660,1.0,1989
728,660,2.0,1990
729,660,3.0,1991
730,669,1.0,1998
731,677,1.0,2012
732,677,2.0,2017
733,669,4.0,2018
734,677,3.0,2042
735,669,7.0,2043
736,677,4.0,2044
737,677,5.0,2045
738,677,6.0,2046
739,677,7.0,2047
740,677,8.0,2048
741,692,1.0,2049
742,692,2.0,2051
743,692,3.0,2058
744,693,1.0,2059
745,693,3.0,2061
746,692,4.0,2062
747,678,1.0,2064
748,678,2.0,2065
749,678,3.0,2066
750,692,5.0,2068
751,692,6.0,2069
752,692,7.0,2070
753,300,1.0,2072
754,700,1.0,2074
755,675,1.0,2086
756,675,2.0,2087
757,700,2.0,2090
758,700,3.0,2092
759,700,4.0,2093
760,700,5.0,2094
761,717,1.0,2100
762,717,2.0,2102
763,719,1.0,2103
764,719,2.0,2104
765,719,3.0,2105
766,719,4.0,2106
767,720,1.0,2107
768,720,2.0,2110
769,721,1.0,2113
770,720,3.0,2114
771,722,1.0,2115
772,722,2.0,2116
773,723,1.0,2117
774,723,2.0,2118
775,722,3.0,2119
776,724,1.0,2120
777,724,2.0,2121
778,725,1.0,2122
779,725,2.0,2123
780,725,3.0,2124
781,695,1.0,2128
782,724,3.0,2139
783,721,2.0,2140
784,721,3.0,2141
785,739,1.0,2144
786,741,1.0,2146
787,738,3.0,2148
788,738,2.0,2149
789,738,4.0,2150
790,738,5.0,2151
791,739,2.0,2153
792,739,3.0,2155
793,744,1.0,2156
794,743,1.0,2157
795,743,2.0,2158
796,743,3.0,2159
797,743,4.0,2160
798,743,5.0,2161
799,743,6.0,2162
800,744,4.0,2165
801,744,2.0,2166
802,744,5.0,2167
803,744,6.0,2168
804,744,3.0,2169
805,721,4.0,2170
806,738,1.0,2171
807,721,5.0,2172
808,746,1.0,2173
809,747,1.0,2175
810,748,1.0,2176
811,748,2.0,2177
812,748,3.0,2178
813,748,4.0,2179
814,749,1.0,2180
815,749,2.0,2181
816,750,1.0,2184
817,752,1.0,2185
818,752,2.0,2186
819,752,3.0,2187
820,752,4.0,2188
821,750,2.0,2189
822,752,5.0,2190
823,721,6.0,2191
824,753,1.0,2192
825,747,2.0,2193
826,753,2.0,2194
827,300,2.0,2197
828,300,3.0,2198
829,756,2.0,2199
830,756,1.0,2200
831,753,3.0,2201
832,756,3.0,2202
833,753,4.0,2203
834,756,4.0,2204
835,753,5.0,2206
836,753,6.0,2207
837,757,1.0,2208
838,759,1.0,2209
839,757,3.0,2211
840,759,2.0,2212
841,759,3.0,2213
842,759,4.0,2214
843,759,5.0,2215
844,757,4.0,2216
845,761,1.0,2217
846,760,1.0,2218
847,761,2.0,2219
848,761,3.0,2220
849,747,3.0,2221
850,761,4.0,2222
851,757,2.0,2223
852,762,1.0,2224
853,762,2.0,2225
854,762,3.0,2226
855,762,4.0,2227
856,762,5.0,2228
857,763,1.0,2229
858,763,2.0,2230
859,763,3.0,2231
860,763,4.0,2232
861,763,5.0,2233
862,741,2.0,2234
863,741,3.0,2237
864,741,4.0,2238
865,766,1.0,2240
866,767,1.0,2241
867,767,2.0,2243
868,766,2.0,2244
869,767,3.0,2245
870,767,4.0,2246
871,767,5.0,2253
872,766,3.0,2254
873,618,1.0,2258
874,766,4.0,2260
875,750,3.0,2261
876,769,1.0,2262
877,766,5.0,2263
878,772,1.0,2264
879,769,2.0,2265
880,769,3.0,2266
881,747,4.0,2268
882,774,1.0,2269
883,774,2.0,2270
884,774,4.0,2271
885,766,6.0,2272
886,695,3.0,2273
887,747,5.0,2274
888,774,5.0,2275
889,747,6.0,2276
890,766,7.0,2277
891,760,2.0,2283
892,776,1.0,2284
893,776,2.0,2285
894,760,3.0,2286
895,772,2.0,2287
896,776,3.0,2292
897,760,4.0,2293
898,760,5.0,2294
899,776,4.0,2295
900,778,2.0,2302
901,760,6.0,2304
902,760,7.0,2306
903,760,8.0,2308
904,778,1.0,2311
905,786,1.0,2314
906,786,2.0,2315
907,786,3.0,2316
908,784,3.0,2345
909,782,1.0,2349
910,784,1.0,2350
911,695,6.0,2351
912,784,2.0,2352
913,793,3.0,2356
914,782,2.0,2357
915,782,3.0,2359
916,793,2.0,2360
917,695,7.0,2361
918,793,1.0,2362
919,695,9.0,2363
920,782,4.0,2364
921,782,5.0,2367
922,795,1.0,2368
923,795,2.0,2369
924,795,3.0,2370
925,795,4.0,2371
926,796,1.0,2372
927,796,2.0,2373
928,796,3.0,2374
929,796,4.0,2375
930,798,1.0,2376
931,798,2.0,2377
932,798,3.0,2378
933,798,4.0,2379
934,799,1.0,2380
935,746,2.0,2384
936,746,3.0,2385
937,799,3.0,2387
938,774,6.0,2388
939,800,1.0,2389
940,800,2.0,2390
941,800,3.0,2394
942,800,4.0,2395
943,797,1.0,2397
944,802,1.0,2398
945,794,1.0,2399
946,803,2.0,2400
947,794,2.0,2401
948,794,3.0,2402
949,803,3.0,2403
950,794,4.0,2404
951,797,2.0,2405
952,772,3.0,2406
953,805,1.0,2415
954,805,2.0,2416
955,805,3.0,2417
956,805,4.0,2418
957,797,3.0,2419
958,797,4.0,2422
959,797,5.0,2423
960,797,6.0,2428
961,809,1.0,2445
962,809,2.0,2447
963,816,1.0,2451
964,816,2.0,2452
965,816,3.0,2453
966,802,2.0,2454
967,818,1.0,2455
968,802,3.0,2457
969,819,1.0,2462
970,819,2.0,2463
971,774,3.0,2469
972,822,1.0,2470
973,774,7.0,2472
974,822,2.0,2473
975,823,1.0,2476
976,822,3.0,2477
977,815,1.0,2478
978,803,1.0,2479
979,815,2.0,2482
980,815,3.0,2483
981,815,4.0,2484
982,815,5.0,2485
983,618,2.0,2487
984,809,3.0,2488
985,809,4.0,2489
986,809,5.0,2492
987,649,3.0,2494
988,618,3.0,2496
989,823,2.0,2497
990,828,1.0,2511
991,834,3.0,2512
992,834,1.0,2514
993,834,2.0,2515
994,823,3.0,2517
995,836,2.0,2520
996,836,1.0,2521
997,838,1.0,2522
998,827,1.0,2525
999,838,2.0,2529
1000,836,3.0,2530
1001,840,1.0,2531
1002,841,1.0,2535
1003,827,2.0,2537
1004,840,2.0,2538
1005,839,1.0,2541
1006,839,2.0,2542
1007,842,1.0,2543
1008,842,2.0,2545
1009,841,2.0,2546
1010,848,1.0,2559
1011,848,2.0,2560
1012,848,3.0,2563
1013,848,4.0,2564
1014,842,3.0,2566
1015,819,3.0,2567
1016,850,1.0,2569
1017,828,2.0,2570
1018,828,3.0,2571
1019,827,3.0,2572
1020,841,3.0,2573
1021,850,2.0,2574
1022,827,4.0,2575
1023,827,5.0,2577
1024,827,6.0,2578
1025,850,3.0,2579
1026,827,7.0,2582
1027,840,3.0,2627
1028,840,4.0,2628
1029,840,5.0,2629
1030,620,5.0,2630
1031,870,1.0,2631
1032,867,1.0,2632
1033,867,2.0,2634
1034,871,1.0,2636
1035,876,2.0,2642
1036,876,3.0,2643
1037,876,5.0,2644
1038,875,1.0,2645
1039,876,4.0,2646
1040,876,1.0,2647
1041,875,2.0,2648
1042,877,2.0,2649
1043,877,6.0,2650
1044,877,3.0,2651
1045,871,2.0,2652
1046,877,5.0,2653
1047,877,1.0,2654
1048,877,4.0,2655
1049,867,3.0,2656
1050,879,1.0,2659
1051,871,3.0,2660
1052,880,1.0,2661
1053,880,2.0,2662
1054,880,3.0,2663
1055,880,4.0,2664
1056,881,1.0,2665
1057,882,1.0,2668
1058,882,2.0,2669
1059,883,1.0,2671
1060,883,2.0,2672
1061,883,3.0,2673
1062,883,4.0,2674
1063,881,3.0,2675
1064,885,1.0,2677
1065,885,2.0,2678
1066,885,3.0,2679
1067,885,4.0,2680
1068,885,5.0,2681
1069,885,6.0,2682
1070,885,7.0,2683
1071,885,8.0,2684
1072,885,9.0,2685
1073,885,10.0,2686
1074,886,1.0,2687
1075,886,2.0,2688
1076,886,4.0,2689
1077,887,1.0,2690
1078,887,2.0,2691
1079,887,4.0,2692
1080,888,1.0,2693
1081,888,2.0,2694
1082,888,3.0,2695
1083,889,1.0,2696
1084,889,2.0,2697
1085,889,4.0,2698
1086,882,3.0,2699
1087,819,4.0,2702
1088,890,1.0,2703
1089,891,1.0,2704
1090,890,2.0,2705
1091,890,3.0,2706
1092,891,2.0,2707
1093,892,1.0,2711
1094,892,2.0,2712
1095,892,3.0,2713
1096,890,4.0,2714
1097,890,5.0,2715
1098,890,6.0,2717
1099,893,1.0,2718
1100,895,1.0,2723
1101,893,2.0,2724
1102,897,1.0,2725
1103,897,2.0,2726
1104,881,5.0,2727
1105,897,3.0,2728
1106,897,4.0,2729
1107,895,2.0,2733
1108,899,1.0,2735
1109,899,2.0,2736
1110,899,3.0,2737
1111,900,2.0,2738
1112,900,3.0,2739
1113,900,1.0,2745
1114,900,4.0,2758
1115,900,5.0,2759
1116,907,1.0,2760
1117,774,8.0,2761
1118,907,2.0,2762
1119,907,3.0,2764
1120,908,1.0,2765
1121,910,1.0,2768
1122,881,2.0,2769
1123,910,2.0,2770
1124,910,3.0,2771
1125,881,4.0,2772
1126,908,2.0,2773
1127,911,1.0,2774
1128,911,2.0,2775
1129,912,2.0,2776
1130,912,1.0,2777
1131,909,1.0,2778
1132,908,3.0,2779
1133,909,2.0,2780
1134,651,2.0,2792
1135,651,4.0,2793
1136,651,6.0,2794
1137,918,1.0,2795
1138,918,2.0,2797
1139,918,3.0,2798
1140,908,4.0,2800
1141,919,1.0,2801
1142,919,2.0,2802
1143,919,3.0,2803
1144,920,1.0,2806
1145,920,2.0,2807
1146,920,3.0,2808
1147,909,3.0,2809
1148,909,4.0,2810
1149,909,5.0,2811
1150,922,1.0,2812
1151,922,2.0,2813
1152,922,3.0,2814
1153,922,4.0,2815
1154,922,5.0,2816
1155,924,1.0,2817
1156,924,2.0,2819
1157,924,3.0,2822
1158,926,1.0,2823
1159,926,2.0,2824
1160,926,3.0,2825
1161,926,4.0,2826
1162,926,5.0,2827
1163,928,1.0,2828
1164,928,2.0,2829
1165,928,3.0,2831
1166,929,1.0,2832
1167,930,1.0,2833
1168,870,2.0,2834
1169,870,3.0,2835
1170,929,2.0,2837
1171,929,3.0,2838
1172,933,1.0,2839
1173,934,1.0,2840
1174,930,2.0,2841
1175,933,2.0,2843
1176,933,3.0,2844
1177,930,3.0,2845
1178,930,4.0,2847
1179,934,2.0,2848
1180,934,3.0,2849
1181,934,4.0,2850
1182,934,6.0,2851
1183,934,5.0,2852
1184,930,5.0,2853
1185,930,6.0,2855
1186,934,7.0,2856
1187,929,4.0,2857
1188,929,5.0,2858
1189,937,1.0,2859
1190,669,2.0,2863
1191,939,2.0,2865
1192,939,1.0,2866
1193,939,3.0,2867
1194,931,4.0,2870
1195,669,3.0,2871
1196,931,1.0,2873
1197,931,2.0,2874
1198,931,5.0,2875
1199,931,3.0,2876
1200,946,1.0,2879
1201,669,5.0,2880
1202,669,6.0,2881
1203,946,3.0,2882
1204,947,1.0,2883
1205,947,2.0,2884
1206,946,2.0,2885
1207,947,3.0,2886
1208,937,2.0,2888
1209,937,3.0,2889
1210,951,1.0,2892
1211,951,2.0,2893
1212,951,3.0,2894
1213,937,4.0,2895
1214,952,1.0,2896
1215,952,2.0,2897
1216,952,3.0,2898
1217,953,1.0,2899
1218,953,2.0,2900
1219,953,3.0,2901
1220,954,1.0,2902
1221,955,1.0,2903
1222,955,2.0,2904
1223,955,3.0,2905
1224,956,1.0,2906
1225,956,2.0,2907
1226,956,3.0,2908
1227,956,4.0,2909
1228,957,1.0,2910
1229,957,2.0,2911
1230,957,3.0,2912
1231,958,1.0,2913
1232,958,2.0,2914
1233,958,3.0,2915
1234,959,1.0,2916
1235,960,1.0,2917
1236,961,1.0,2918
1237,962,1.0,2919
1238,962,2.0,2920
1239,937,5.0,2921
1240,963,1.0,2922
1241,963,2.0,2923
1242,879,3.0,2925
1243,879,2.0,2926
1244,889,3.0,2928
1245,965,1.0,2930
1246,950,1.0,2931
1247,950,2.0,2933
1248,965,2.0,2934
1249,950,3.0,2941
1250,965,3.0,2942
1251,693,2.0,2944
1252,693,4.0,2945
1253,693,5.0,2946
1254,968,1.0,2948
1255,968,2.0,2949
1256,879,6.0,2951
1257,968,3.0,2952
1258,969,1.0,2958
1259,969,2.0,2959
1260,879,7.0,2961
1261,879,8.0,2962
1262,970,2.0,2963
1263,970,1.0,2964
1264,971,1.0,2965
1265,971,2.0,2966
1266,972,1.0,2967
1267,972,2.0,2968
1268,973,1.0,2969
1269,973,2.0,2970
1270,974,1.0,2971
1271,974,2.0,2972
1272,975,1.0,2973
1273,975,2.0,2974
1274,980,1.0,2980
1275,980,2.0,2981
1276,981,1.0,2982
1277,981,2.0,2983
1278,982,1.0,2984
1279,982,2.0,2985
1280,983,1.0,2986
1281,983,2.0,2987
1282,695,2.0,2988
1283,984,1.0,2989
1284,985,1.0,2990
1285,988,1.0,2993
1286,988,2.0,2998
1287,993,2.0,3000
1288,993,1.0,3001
1289,988,3.0,3002
1290,994,1.0,3003
1291,995,1.0,3004
1292,995,2.0,3005
1293,995,3.0,3013
1294,1001,1.0,3015
1295,984,2.0,3016
1296,1007,1.0,3019
1297,1006,1.0,3023
1298,1006,2.0,3024
1299,1006,3.0,3025
1300,969,3.0,3027
1301,1008,1.0,3030
1302,695,4.0,3034
1303,695,5.0,3035
1304,1008,2.0,3036
1305,1011,1.0,3037
1306,1011,2.0,3038
1307,1012,1.0,3039
1308,1012,2.0,3040
1309,1008,3.0,3041
1310,1007,2.0,3044
1311,1014,1.0,3046
1312,1014,2.0,3047
1313,1014,3.0,3048
1314,1015,1.0,3049
1315,1015,2.0,3050
1316,1015,3.0,3051
1317,887,3.0,3053
1318,886,3.0,3059
1319,1023,1.0,3063
1320,1025,1.0,3070
1321,1025,2.0,3071
1322,1025,3.0,3072
1323,1023,3.0,3073
1324,1023,2.0,3076
1325,1026,1.0,3077
1326,695,8.0,3078
1327,1026,2.0,3079
1328,1022,1.0,3081
1329,1026,3.0,3082
1330,1022,2.0,3083
1331,970,3.0,3084
1332,970,4.0,3085
1333,1027,1.0,3089
1334,1029,1.0,3091
1335,1030,1.0,3092
1336,1030,2.0,3093
1337,1030,3.0,3094
1338,1029,2.0,3095
1339,1031,2.0,3096
1340,1031,3.0,3097
1341,1033,2.0,3105
1342,1033,1.0,3106
1343,1033,3.0,3107
1344,1029,3.0,3109
1345,1036,1.0,3110
1346,1036,2.0,3111
1347,1036,3.0,3113
1348,1037,1.0,3114
1349,1037,2.0,3115
1350,1037,3.0,3116
1351,1039,1.0,3117
1352,1039,2.0,3118
1353,1039,3.0,3122
1354,1042,1.0,3123
1355,1041,1.0,3124
1356,1042,2.0,3128
1357,1042,3.0,3129
1358,1044,1.0,3131
1359,1044,2.0,3132
1360,1044,3.0,3133
1361,799,2.0,3134
1362,1046,1.0,3140
1363,1046,2.0,3141
1364,1046,3.0,3142
1365,1047,1.0,3143
1366,1047,2.0,3144
1367,1047,3.0,3145
1368,1047,4.0,3149
1369,1047,5.0,3150
1370,1050,2.0,3151
1371,1050,3.0,3152
1372,1049,1.0,3154
1373,1051,1.0,3155
1374,1049,2.0,3156
1375,1049,3.0,3157
1376,1052,1.0,3158
1377,1052,2.0,3159
1378,1053,1.0,3161
1379,1053,2.0,3162
1380,1053,3.0,3163
1381,1055,1.0,3164
1382,1055,2.0,3165
1383,1054,1.0,3166
1384,1055,3.0,3167
1385,1060,1.0,3169
1386,1054,2.0,3170
1387,1054,3.0,3171
1388,1060,2.0,3172
1389,1060,3.0,3173
1390,1051,2.0,3176
1391,1057,2.0,3177
1392,1063,1.0,3178
1393,1063,2.0,3179
1394,1063,3.0,3180
1395,1065,2.0,3181
1396,1057,1.0,3182
1397,1057,3.0,3183
1398,1061,1.0,3185
1399,1061,2.0,3189
1400,1061,3.0,3190
1401,1061,4.0,3191
1402,1065,3.0,3192
1403,970,5.0,3193
1404,1075,1.0,3194
1405,1075,2.0,3197
1406,1065,1.0,3200
1407,1064,1.0,3204
1408,1064,2.0,3205
1409,1051,3.0,3206
1410,1064,3.0,3210
1411,1081,1.0,3211
1412,1084,1.0,3215
1413,1084,2.0,3216
1414,1084,3.0,3217
1415,1081,2.0,3223
1416,1081,3.0,3224
1417,1093,1.0,3232
1418,1093,2.0,3234
1419,1031,1.0,3235
1420,1096,1.0,3237
1421,1096,2.0,3238
1422,1096,3.0,3239
1423,1080,1.0,3241
1424,1041,2.0,3246
1425,1041,3.0,3249
1426,1080,2.0,3252
1427,1052,3.0,3253
1428,1101,1.0,3254
1429,1101,2.0,3255
1430,1101,3.0,3257
1431,1104,1.0,3258
1432,1080,3.0,3260
1433,1105,1.0,3261
1434,879,4.0,3262
1435,879,5.0,3263
1436,1103,1.0,3264
1437,1103,2.0,3265
1438,1103,3.0,3266
1439,1103,4.0,3267
1440,1107,2.0,3268
1441,1107,1.0,3269
1442,1106,1.0,3272
1443,1106,2.0,3273
1444,1105,2.0,3275
1445,1107,3.0,3276
1446,1107,4.0,3279
1447,1105,3.0,3281
1448,1112,1.0,3283
1449,1112,2.0,3284
1450,1112,3.0,3285
1451,1104,2.0,3287
1452,1104,4.0,3288
1453,1104,8.0,3289
1454,1104,6.0,3291
1455,1106,3.0,3293
1456,1106,4.0,3294
1457,1116,1.0,3300
1458,1104,3.0,3301
1459,1104,5.0,3302
1460,1104,7.0,3303
1461,1116,2.0,3311
1462,1116,3.0,3312
1463,1116,4.0,3313
1464,1119,1.0,3314
1465,1122,1.0,3321
1466,1124,1.0,3322
1467,1124,2.0,3324
1468,1124,3.0,3325
1469,1124,4.0,3326
1470,1124,5.0,3327
1471,1125,1.0,3328
1472,1127,1.0,3329
1473,1127,2.0,3330
1474,1127,3.0,3331
1475,1119,2.0,3332
1476,1119,3.0,3334
1477,1119,4.0,3335
1478,1113,1.0,3336
1479,1119,5.0,3337
1480,1122,2.0,3339
1481,1125,2.0,3342
1482,1125,3.0,3343
1483,1133,1.0,3344
1484,1125,4.0,3345
1485,1133,2.0,3346
1486,1134,1.0,3347
1487,1133,3.0,3349
1488,1134,2.0,3350
1489,1133,4.0,3351
1490,1134,3.0,3352
1491,1134,4.0,3353
1492,1122,3.0,3354
1493,1134,5.0,3355
1494,1134,6.0,3356
1495,1134,7.0,3357
1496,1134,8.0,3358
1497,1117,1.0,3362
1498,1137,1.0,3363
1499,1117,2.0,3365
1500,1137,2.0,3368
1501,1137,3.0,3369
1502,1137,4.0,3370
1503,1140,1.0,3371
1504,1140,2.0,3372
1505,1140,3.0,3373
1506,1140,4.0,3374
1507,1140,5.0,3375
1508,1140,6.0,3376
1509,1137,5.0,3378
1510,1117,3.0,3379
1511,1142,1.0,3382
1512,1142,2.0,3385
1513,1139,1.0,3386
1514,1144,1.0,3389
1515,1144,2.0,3392
1516,1145,1.0,3393
1517,1145,2.0,3394
1518,1145,3.0,3395
1519,1145,4.0,3396
1520,1145,5.0,3397
1521,1144,3.0,3398
1522,1142,4.0,3399
1523,1142,6.0,3400
1524,1142,5.0,3401
1525,1142,3.0,3402
1526,1148,1.0,3403
1527,1147,1.0,3404
1528,1113,2.0,3405
1529,1148,2.0,3408
1530,1148,3.0,3409
1531,1113,3.0,3410
1532,1150,1.0,3411
1533,1151,1.0,3412
1534,1150,2.0,3413
1535,1139,2.0,3415
1536,1150,3.0,3417
1537,1139,3.0,3419
1538,1130,1.0,3421
1539,1130,2.0,3422
1540,1130,3.0,3423
1541,1139,4.0,3424
1542,1139,5.0,3425
1543,1147,2.0,3426
1544,1147,3.0,3427
1545,1155,1.0,3428
1546,1156,1.0,3429
1547,1156,2.0,3431
1548,1075,3.0,3432
1549,1151,2.0,3433
1550,1151,3.0,3434
1551,1151,4.0,3435
1552,1157,1.0,3436
1553,1157,2.0,3437
1554,1157,3.0,3438
1555,1159,1.0,3440
1556,1159,2.0,3441
1557,1159,3.0,3444
1558,1160,1.0,3446
1559,1160,2.0,3447
1560,1162,1.0,3450
1561,1162,2.0,3451
1562,1075,4.0,3452
1563,1160,3.0,3453
1564,1160,4.0,3455
1565,1160,5.0,3456
1566,1155,2.0,3460
1567,1111,1.0,3461
1568,1166,1.0,3462
1569,1075,5.0,3463
1570,1166,2.0,3466
1571,1111,2.0,3468
1572,1163,1.0,3469
1573,1111,3.0,3470
1574,1163,2.0,3471
1575,1163,3.0,3472
1576,1168,1.0,3476
1577,1168,2.0,3477
1578,1163,4.0,3478
1579,1169,1.0,3480
1580,1168,3.0,3481
1581,1170,1.0,3482
1582,1170,2.0,3483
1583,1170,3.0,3484
1584,1171,1.0,3486
1585,1171,2.0,3487
1586,1171,4.0,3488
1587,1171,3.0,3489
1588,1172,1.0,3490
1589,1172,2.0,3491
1590,1172,3.0,3492
1591,1175,1.0,3495
1592,1175,2.0,3496
1593,1175,3.0,3497
1594,1176,1.0,3501
1595,1176,2.0,3502
1596,1177,1.0,3503
1597,1178,1.0,3509
1598,1178,2.0,3510
1599,1178,3.0,3511
1600,1178,4.0,3512
1601,1177,2.0,3513
1602,1177,3.0,3514
1603,1177,4.0,3515
1604,1177,5.0,3516
1605,1176,3.0,3517
1606,1177,6.0,3518
1607,1177,7.0,3519
1608,1181,1.0,3521
1609,1181,2.0,3522
1610,1181,3.0,3523
1611,1181,4.0,3524
1612,1183,1.0,3525
1613,1183,2.0,3526
1614,1183,3.0,3527
1615,1182,1.0,3531
1616,1182,2.0,3532
1617,1182,3.0,3533
1618,1182,4.0,3534
1619,1182,8.0,3535
1620,1182,5.0,3538
1621,1186,1.0,3539
1622,1186,2.0,3540
1623,1186,3.0,3541
1624,1186,4.0,3542
1625,1180,2.0,3543
1626,1187,2.0,3544
1627,1187,4.0,3545
1628,1180,3.0,3547
1629,1180,4.0,3548
1630,1169,2.0,3550
1631,1182,7.0,3551
1632,1180,1.0,3552
1633,1182,10.0,3554
1634,1182,9.0,3555
1635,1182,6.0,3556
1636,1169,3.0,3557
1637,1188,1.0,3558
1638,1182,11.0,3559
1639,1190,3.0,3561
1640,1193,2.0,3562
1641,1194,1.0,3563
1642,1198,1.0,3569
1643,1198,2.0,3570
1644,1075,6.0,3571
1645,1075,7.0,3575
1646,1198,3.0,3580
1647,1201,1.0,3581
1648,1193,3.0,3582
1649,1187,1.0,3583
1650,1191,1.0,3584
1651,1191,2.0,3585
1652,1191,3.0,3586
1653,1191,4.0,3587
1654,1187,3.0,3588
1655,1201,2.0,3589
1656,1191,5.0,3590
1657,1191,6.0,3591
1658,1191,7.0,3592
1659,1191,8.0,3593
1660,1201,3.0,3596
1661,1203,1.0,3598
1662,1203,2.0,3599
1663,1203,3.0,3600
1664,1194,2.0,3601
1665,1201,4.0,3611
1666,1201,5.0,3612
1667,1194,3.0,3613
1668,1208,1.0,3624
1669,1190,1.0,3625
1670,1208,2.0,3626
1671,1218,2.0,3641
1672,1218,3.0,3642
1673,1218,1.0,3643
1674,1219,1.0,3644
1675,1219,2.0,3645
1676,1219,3.0,3647
1677,1219,4.0,3648
1678,1193,1.0,3649
1679,1220,1.0,3650
1680,1208,3.0,3651
1681,1221,1.0,3653
1682,1243,1.0,3678
1683,1244,1.0,3683
1684,1244,2.0,3689
1685,1244,3.0,3692
1686,1250,1.0,3693
1687,1250,2.0,3695
1688,1190,2.0,3696
1689,1250,3.0,3702
1690,1253,1.0,3718
1691,1253,2.0,3719
1692,1277,1.0,3772
1693,1277,2.0,3775
1694,1188,2.0,3776
1695,1277,3.0,3786
1696,1279,1.0,3796
1697,1279,2.0,3797
1698,1287,1.0,3801
1699,1279,3.0,3802
1700,1287,2.0,3804
1701,1294,1.0,3819
1702,1294,2.0,3820
1703,1291,1.0,3825
1704,1300,1.0,3834
1705,1301,1.0,3835
1706,1301,2.0,3836
1707,1301,3.0,3837
1708,1291,2.0,3842
1709,1300,2.0,3843
1710,1291,3.0,3846
1711,1300,3.0,3847
1712,1305,1.0,3848
1713,1300,4.0,3849
1714,1308,1.0,3859
1715,1308,2.0,3861
1716,1308,3.0,3872
1717,1318,1.0,3874
1718,1320,1.0,3875
1719,1305,2.0,3876
1720,1305,3.0,3877
1721,1342,1.0,3895
1722,1342,2.0,3896
1723,1342,3.0,3898
1724,1342,4.0,3899
1725,1342,5.0,3900
1726,1342,6.0,3906
1727,1370,1.0,3907
1728,1370,2.0,3908
1729,1370,3.0,3909
1730,1370,4.0,3910
1731,1327,1.0,3929
1732,1050,1.0,3939
1733,1314,1.0,3940
1734,1314,2.0,3941
1735,1327,2.0,3942
1736,1327,3.0,3943
1737,1381,1.0,3945
1738,1327,4.0,3946
1739,1381,2.0,3947
1740,1383,1.0,3948
1741,1067,1.0,3955
1742,1067,2.0,3956
1743,1381,3.0,3958
1744,1389,1.0,3963
1745,1389,2.0,3964
1746,1395,1.0,3972
1747,1395,2.0,3973
1748,1395,3.0,3974
1749,1397,1.0,3977
1750,1397,2.0,3978
1751,1398,1.0,3980
1752,1398,2.0,3981
1753,1398,3.0,3982
1754,1398,4.0,3983
1755,1397,3.0,3987
1756,1383,2.0,3988
1757,1405,1.0,3989
1758,1405,2.0,3990
1759,1405,3.0,3991
1760,1406,1.0,3992
1761,1406,2.0,3993
1762,1383,3.0,3994
1763,1406,3.0,3995
1764,1403,1.0,3996
1765,1403,3.0,4008
1766,1404,1.0,4014
1767,1333,1.0,4015
1768,1333,2.0,4024
1769,1419,1.0,4025
1770,1404,2.0,4030
1771,1404,3.0,4035
1772,1423,1.0,4038
1773,1419,2.0,4042
1774,1423,2.0,4045
1775,1419,3.0,4057
1776,1423,3.0,4067
1777,1452,1.0,4074
1778,1331,1.0,4075
1779,1452,2.0,4077
1780,1454,1.0,4078
1781,1331,2.0,4079
1782,1454,2.0,4080
1783,1331,3.0,4081
1784,1456,1.0,4082
1785,1454,3.0,4083
1786,1452,3.0,4084
1787,1454,4.0,4086
1788,1452,4.0,4088
1789,1456,2.0,4089
1790,1456,3.0,4090
1791,1455,1.0,4091
1792,1456,4.0,4107
1793,1455,2.0,4108
1794,1462,1.0,4112
1795,1462,2.0,4113
1796,1462,3.0,4115
1797,1220,2.0,4116
1798,1220,3.0,4117
1799,1462,4.0,4119
1800,1462,5.0,4120
1801,1466,1.0,4126
1802,1467,1.0,4127
1803,1467,2.0,4128
1804,1467,3.0,4129
1805,1466,2.0,4132
1806,1470,1.0,4138
1807,1472,1.0,4139
1808,1472,2.0,4140
1809,1472,3.0,4141
1810,1475,1.0,4143
1811,1474,1.0,4145
1812,1475,2.0,4152
1813,1475,3.0,4153
1814,1475,4.0,4154
1815,1481,1.0,4163
1816,1481,2.0,4166
1817,1488,1.0,4173
1818,1488,2.0,4176
1819,1488,3.0,4178
1820,1495,1.0,4181
1821,1495,2.0,4182
1822,1495,4.0,4183
1823,1495,3.0,4185
1824,1481,3.0,4193
1825,1492,1.0,4194
1826,1492,2.0,4195
1827,1492,3.0,4196
1828,1493,1.0,4200
1829,1493,2.0,4201
1830,1493,3.0,4202
1831,1497,1.0,4205
1832,1502,1.0,4208
1833,1502,2.0,4209
1834,1503,1.0,4210
1835,1504,3.0,4211
1836,1504,1.0,4213
1837,1501,1.0,4214
1838,1497,2.0,4215
1839,1497,3.0,4222
1840,1509,1.0,4227
1841,1501,2.0,4228
1842,1518,1.0,4233
1843,1518,2.0,4234
1844,1518,3.0,4235
1845,1518,4.0,4236
1846,1518,5.0,4237
1847,1504,4.0,4238
1848,1504,2.0,4239
1849,1501,3.0,4240
1850,1519,3.0,4241
1851,1522,1.0,4244
1852,1509,2.0,4248
1853,1350,1.0,4249
1854,1350,3.0,4250
1855,1350,4.0,4251
1856,1519,1.0,4253
1857,1519,2.0,4254
1858,1519,4.0,4255
1859,1527,1.0,4256
1860,1527,2.0,4257
1861,1527,3.0,4259
1862,1526,1.0,4267
1863,1526,2.0,4276
1864,1526,3.0,4277
1865,1509,3.0,4278
1866,1522,2.0,4279
1867,1542,2.0,4288
1868,1542,3.0,4289
1869,1542,4.0,4290
1870,1547,1.0,4297
1871,1547,2.0,4298
1872,1547,3.0,4299
1873,1547,4.0,4300
1874,1522,3.0,4302
1875,1548,1.0,4309
1876,1552,1.0,4314
1877,1515,8.0,4332
1878,1515,1.0,4333
1879,1515,2.0,4334
1880,1552,2.0,4335
1881,1552,3.0,4336
1882,1515,3.0,4337
1883,1515,4.0,4338
1884,1515,5.0,4339
1885,1515,6.0,4347
1886,1515,7.0,4348
1887,1548,2.0,4361
1888,1548,3.0,4362
1889,1548,4.0,4364
1890,1542,1.0,4393
1891,1350,2.0,4394
1892,1516,1.0,4401
1893,1516,2.0,4402
1894,1516,3.0,4403
1895,1516,4.0,4404
1896,1591,1.0,4407
1897,1591,2.0,4408
1898,1591,3.0,4409
1899,1517,1.0,4415
1900,1517,2.0,4416
1901,1517,4.0,4417
1902,1517,5.0,4418
1903,1517,3.0,4419
1904,1518,6.0,4424
1905,1547,5.0,4434
1906,1594,3.0,4439
1907,1594,1.0,4443
1908,1594,2.0,4444
1909,1403,2.0,4451
1910,1600,1.0,4466
1911,1604,1.0,4467
1912,1603,1.0,4468
1913,1603,2.0,4469
1914,1603,3.0,4470
1915,1604,2.0,4472
1916,1604,3.0,4479
1917,1600,2.0,4480
1918,1600,3.0,4481
1919,1624,1.0,4483
1920,1624,2.0,4484
1921,1624,3.0,4485
1922,1624,4.0,4486
1923,1625,1.0,4487
1924,1625,2.0,4488
1925,1621,1.0,4489
1926,1625,3.0,4490
1927,1621,2.0,4491
1928,1621,3.0,4492
1929,1628,2.0,4497
1930,1628,3.0,4498
1931,1630,1.0,4510
1932,1631,1.0,4511
1933,1631,2.0,4512
1934,1631,3.0,4513
1935,1631,4.0,4514
1936,1632,1.0,4515
1937,1632,2.0,4516
1938,1632,3.0,4517
1939,1630,2.0,4521
1940,1630,3.0,4522
1941,1630,4.0,4523
1942,1628,1.0,4524
1943,1635,1.0,4537
1944,1643,1.0,4542
1945,1634,1.0,4543
1946,1634,2.0,4547
1947,1643,3.0,4555
1948,1643,2.0,4556
1949,1634,3.0,4557
1950,1642,1.0,4558
1951,1650,1.0,4559
1952,1635,2.0,4560
1953,1650,2.0,4561
1954,1651,2.0,4562
1955,1605,1.0,4563
1956,1635,3.0,4564
1957,1605,2.0,4565
1958,1651,3.0,4566
1959,1651,5.0,4567
1960,1651,6.0,4568
1961,1651,4.0,4569
1962,1605,3.0,4576
1963,1635,4.0,4577
1964,1651,1.0,4578
1965,1635,5.0,4579
1966,1635,6.0,4580
1967,1635,7.0,4581
1968,1650,3.0,4589
1969,1652,2.0,4596
1970,1652,3.0,4600
1971,1652,1.0,4601
1972,1650,4.0,4602
1973,1652,4.0,4603
1974,1664,1.0,4614
1975,1642,2.0,4615
1976,1642,3.0,4616
1977,1673,1.0,4624
1978,1673,2.0,4625
1979,1673,3.0,4626
1980,1674,1.0,4627
1981,1674,2.0,4628
1982,1675,1.0,4629
1983,1675,2.0,4636
1984,1674,3.0,4637
1985,1675,3.0,4638
1986,1674,4.0,4639
1987,1675,4.0,4640
1988,1653,1.0,4653
1989,1653,2.0,4654
1990,1653,4.0,4655
1991,1653,5.0,4656
1992,1653,3.0,4657
1993,1653,6.0,4658
1994,1653,7.0,4659
1995,1606,1.0,4660
1996,1606,2.0,4661
1997,1606,3.0,4662
1998,1606,4.0,4663
1999,1606,5.0,4664
2000,1685,1.0,4665
2001,1688,2.0,4666
2002,1654,1.0,4667
2003,1654,2.0,4668
2004,1654,4.0,4669
2005,1654,6.0,4670
2006,1688,1.0,4671
2007,1688,3.0,4672
2008,1654,5.0,4673
2009,1688,4.0,4677
2010,1654,3.0,4678
2011,1688,5.0,4679
2012,1655,1.0,4680
2013,1655,2.0,4681
2014,1655,3.0,4682
2015,1655,4.0,4683
2016,1656,1.0,4684
2017,1656,2.0,4685
2018,1656,3.0,4686
2019,1686,1.0,4687
2020,1686,2.0,4688
2021,1657,1.0,4689
2022,1657,2.0,4690
2023,1657,3.0,4691
2024,1657,4.0,4692
2025,1685,2.0,4693
2026,1690,1.0,4695
2027,1658,1.0,4697
2028,1658,2.0,4699
2029,1658,3.0,4701
2030,1658,4.0,4702
2031,1690,2.0,4703
2032,1685,3.0,4704
2033,1693,1.0,4705
2034,1687,1.0,4706
2035,1687,2.0,4707
2036,1697,1.0,4712
2037,1687,3.0,4713
2038,1708,1.0,4728
2039,1707,2.0,4729
2040,1707,3.0,4730
2041,1707,1.0,4731
2042,1690,3.0,4733
2043,1697,2.0,4734
2044,1709,1.0,4735
2045,1697,3.0,4738
2046,1713,1.0,4750
2047,1715,1.0,4756
2048,1727,1.0,4766
2049,1729,1.0,4775
2050,1695,1.0,4776
2051,1727,2.0,4777
2052,1729,2.0,4778
2053,1729,3.0,4780
2054,1717,1.0,4782
2055,1727,3.0,4783
2056,1727,4.0,4784
2057,1729,4.0,4785
2058,1695,2.0,4821
2059,1744,1.0,4822
2060,1745,1.0,4823
2061,1744,2.0,4824
2062,1744,3.0,4825
2063,1745,2.0,4826
2064,1746,1.0,4827
2065,1745,3.0,4832
2066,1746,2.0,4833
2067,1746,3.0,4835
2068,1754,1.0,4838
2069,1745,4.0,4843
2070,1754,2.0,4844
2071,1745,5.0,4845
2072,1754,3.0,4846
2073,1760,1.0,4858
2074,1760,2.0,4860
2075,1760,3.0,4863
2076,1695,3.0,4866
2077,1764,2.0,4870
2078,1762,1.0,4874
2079,1764,3.0,4875
2080,1762,2.0,4876
2081,1762,3.0,4881
2082,1764,4.0,4882
2083,1765,1.0,4883
2084,1765,2.0,4884
2085,1764,5.0,4889
2086,1768,1.0,4894
2087,1768,2.0,4899
2088,1764,1.0,4908
2089,1761,1.0,4909
2090,1768,3.0,4910
2091,1778,1.0,4911
2092,1768,4.0,4939
2093,1778,2.0,4940
2094,1786,1.0,4941
2095,1786,2.0,4942
2096,1786,3.0,4943
2097,1786,4.0,4944
2098,1778,3.0,4945
2099,1792,1.0,4948
2100,1793,1.0,4949
2101,1796,1.0,4950
2102,1717,2.0,4958
2103,1805,1.0,4990
2104,1805,2.0,4991
2105,1805,3.0,4992
2106,1807,1.0,4996
2107,1807,2.0,4997
2108,1807,3.0,4998
2109,1807,4.0,4999
2110,1664,2.0,5113
2111,1664,3.0,5114
2112,1837,1.0,5116
2113,1837,2.0,5117
2114,1839,1.0,5118
2115,1837,3.0,5119
2116,1839,2.0,5120
2117,1839,3.0,5121
2118,1839,4.0,5122
2119,1841,1.0,5128
2120,1841,2.0,5129
2121,1837,4.0,5130
2122,1841,3.0,5131
2123,1841,4.0,5132
2124,1841,5.0,5133
2125,1844,1.0,5134
2126,1844,2.0,5135
2127,1844,3.0,5136
2128,1844,4.0,5137
2129,1844,5.0,5138
2130,1844,6.0,5139
2131,1837,5.0,5141
2132,1837,6.0,5142
2133,1845,1.0,5143
2134,1810,1.0,5144
2135,1845,2.0,5145
2136,1846,1.0,5147
2137,1848,1.0,5148
2138,1845,3.0,5149
2139,1845,4.0,5150
2140,1848,2.0,5151
2141,1846,2.0,5152
2142,1845,5.0,5153
2143,1848,3.0,5154
2144,1848,4.0,5155
2145,1848,5.0,5156
2146,1845,6.0,5157
2147,1846,3.0,5159
2148,1845,7.0,5160
2149,1850,1.0,5161
2150,1846,4.0,5162
2151,1850,2.0,5216
2152,1850,4.0,5217
2153,1850,3.0,5218
2154,1850,5.0,5219
2155,1863,1.0,5227
2156,1810,2.0,5231
2157,1863,2.0,5246
2158,1863,3.0,5247
2159,1810,3.0,5248
2160,1869,1.0,5252
2161,1867,1.0,5253
2162,1869,2.0,5254
2163,1867,2.0,5255
2164,1867,3.0,5256
2165,1869,3.0,5257
2166,1761,2.0,5259
2167,1761,3.0,5274
2168,1880,1.0,5306
2169,1880,2.0,5307
2170,1880,3.0,5314
2171,1607,1.0,5315
2172,1607,2.0,5316
2173,1880,4.0,5317
2174,1607,3.0,5340
2175,1891,1.0,5341
2176,1891,3.0,5343
2177,1608,1.0,5344
2178,1895,1.0,5351
2179,1891,4.0,5352
2180,1894,1.0,5353
2181,1894,2.0,5356
2182,1664,4.0,5357
2183,1891,2.0,5358
2184,1895,2.0,5374
2185,1895,3.0,5375
2186,1905,1.0,5378
2187,1905,2.0,5380
2188,1906,1.0,5382
2189,1905,3.0,5386
2190,1905,4.0,5388
2191,1906,2.0,5391
2192,1906,3.0,5398
2193,1913,1.0,5399
2194,1913,2.0,5403
2195,1913,3.0,5404
2196,1761,4.0,5408
2197,1919,1.0,5417
2198,1919,2.0,5418
2199,1919,3.0,5422
2200,1919,4.0,5423
2201,1919,5.0,5424
2202,1923,1.0,5429
2203,1923,2.0,5430
2204,1923,3.0,5431
2205,1924,1.0,5432
2206,1926,1.0,5433
2207,1926,2.0,5434
2208,1926,3.0,5435
2209,1924,2.0,5443
2210,1924,3.0,5450
2211,1931,1.0,5458
2212,1931,2.0,5459
2213,1936,1.0,5461
2214,1936,2.0,5462
2215,1943,1.0,5483
2216,1946,1.0,5486
2217,1948,1.0,5488
2218,1943,2.0,5489
2219,1950,2.0,5491
2220,1950,1.0,5492
2221,1959,1.0,5504
2222,1963,1.0,5508
2223,1959,2.0,5510
2224,1959,3.0,5519
2225,1959,4.0,5528
2226,1959,5.0,5536
2227,1959,6.0,5542
2228,1959,7.0,5543
2229,1970,1.0,5553
2230,1982,1.0,5616
2231,1982,2.0,5617
2232,1982,3.0,5618
2233,1984,1.0,5624
2234,1984,2.0,5627
2235,1984,3.0,5628
2236,1988,1.0,5630
2237,1988,2.0,5631
2238,1988,3.0,5632
2239,1988,4.0,5633
2240,1946,2.0,5639
2241,1991,1.0,5640
2242,1991,2.0,5641
2243,1992,1.0,5646
2244,1992,2.0,5647
2245,1991,3.0,5648
2246,1994,1.0,5649
2247,1994,2.0,5650
2248,1608,2.0,5651
2249,1982,4.0,5652
2250,1996,1.0,5655
2251,1996,2.0,5656
2252,1999,1.0,5664
2253,1999,2.0,5665
2254,1999,3.0,5666
2255,1999,4.0,5667
2256,1999,5.0,5668
2257,1608,3.0,5703
2258,2013,1.0,5716
2259,2014,1.0,5718
2260,2014,2.0,5719
2261,2014,3.0,5720
2262,2015,1.0,5721
2263,2015,2.0,5722
2264,2015,3.0,5723
2265,2015,4.0,5724
2266,2013,2.0,5765
2267,2013,3.0,5766
2268,2013,4.0,5767
2269,1221,2.0,5768
2270,1221,3.0,5773
2271,2015,5.0,5774
2272,2024,1.0,5775
2273,2024,2.0,5776
2274,2024,3.0,5777
2275,2024,4.0,5778
2276,2024,5.0,5783
2277,2033,1.0,5813
2278,2033,2.0,5814
2279,2033,3.0,5815
2280,2033,4.0,5816
2281,1609,2.0,5825
2282,1609,3.0,5826
2283,2032,1.0,5827
2284,2037,1.0,5828
2285,2037,2.0,5829
2286,2037,3.0,5830
2287,2037,4.0,5831
2288,2032,2.0,5832
2289,2032,3.0,5833
2290,2032,4.0,5834
2291,2045,1.0,5859
2292,2045,2.0,5860
2293,2036,1.0,5865
2294,2036,2.0,5866
2295,2050,1.0,5872
2296,2050,2.0,5873
2297,2036,3.0,5877
2298,2054,1.0,5879
2299,2054,2.0,5880
2300,2054,3.0,5881
2301,2069,1.0,5903
2302,2069,2.0,5904
2303,2069,3.0,5905
2304,2068,1.0,5916
2305,1948,2.0,5917
2306,2072,1.0,5919
2307,2072,2.0,5920
2308,2072,3.0,5921
2309,2068,2.0,5925
2310,2075,1.0,5934
2311,2096,1.0,5958
2312,2096,2.0,5962
2313,2096,3.0,5964
2314,2096,5.0,5975
2315,2096,6.0,5976
2316,2101,1.0,5977
2317,2101,2.0,5978
2318,2101,3.0,5979
2319,2102,1.0,5990
2320,1943,3.0,6002
2321,2118,1.0,6008
2322,2118,2.0,6012
2323,2118,3.0,6014
2324,2120,1.0,6023
2325,2120,2.0,6024
2326,2068,3.0,6025
2327,2120,3.0,6062
2328,2120,4.0,6063
2329,2096,4.0,6077
2330,2120,5.0,6078
2331,2139,1.0,6092
2332,2139,2.0,6093
2333,2139,3.0,6094
2334,2141,1.0,6098
2335,2141,2.0,6099
2336,2141,3.0,6100
2337,2141,4.0,6101
2338,2142,1.0,6102
2339,2142,2.0,6103
2340,2142,3.0,6104
2341,2142,4.0,6105
2342,2142,5.0,6106
2343,2143,1.0,6107
2344,2143,2.0,6108
2345,2143,3.0,6109
2346,2144,1.0,6110
2347,2144,2.0,6111
2348,2144,3.0,6112
2349,2145,1.0,6113
2350,2145,2.0,6114
2351,2145,3.0,6115
2352,2145,4.0,6116
2353,2145,5.0,6117
2354,2146,1.0,6118
2355,2146,2.0,6119
2356,2146,3.0,6120
2357,2146,4.0,6121
2358,2147,1.0,6122
2359,2147,2.0,6123
2360,2149,1.0,6132
2361,2149,2.0,6133
2362,2149,3.0,6136
2363,2159,1.0,6143
2364,2149,4.0,6149
2365,2149,5.0,6150
2366,2163,1.0,6151
2367,2163,2.0,6152
2368,2107,2.0,6159
2369,1609,1.0,6165
2370,2169,1.0,6166
2371,2169,2.0,6176
2372,2173,1.0,6183
2373,2173,2.0,6188
2374,2169,3.0,6191
2375,2182,6.0,6205
2376,2180,1.0,6206
2377,2181,1.0,6208
2378,2190,1.0,6225
2379,2191,1.0,6227
2380,2191,2.0,6228
2381,2191,3.0,6229
2382,2173,3.0,6232
2383,2173,4.0,6233
2384,2181,2.0,6234
2385,2181,3.0,6243
2386,2199,2.0,6252
2387,2202,1.0,6259
2388,2206,1.0,6277
2389,2209,1.0,6290
2390,2209,3.0,6292
2391,2209,4.0,6293
2392,2190,2.0,6294
2393,2190,3.0,6295
2394,2190,4.0,6296
2395,2209,2.0,6314
2396,2217,1.0,6315
2397,2217,2.0,6316
2398,2217,3.0,6317
2399,2217,4.0,6318
2400,2217,5.0,6319
2401,2103,1.0,6332
2402,2222,1.0,6338
2403,2225,2.0,6339
2404,2225,6.0,6340
2405,2225,3.0,6343
2406,2225,1.0,6345
2407,2225,4.0,6349
2408,2225,5.0,6350
2409,2107,1.0,6352
2410,2199,1.0,6354
2411,2110,1.0,6356
2412,2236,1.0,6371
2413,2237,3.0,6393
2414,2242,1.0,6394
2415,2242,2.0,6395
2416,2242,3.0,6403
2417,2242,4.0,6404
2418,2242,5.0,6405
2419,2237,1.0,6408
2420,2237,2.0,6409
2421,2110,2.0,6416
2422,2109,1.0,6417
2423,2242,6.0,6418
2424,2242,8.0,6443
2425,2242,9.0,6444
2426,2242,10.0,6445
2427,2242,7.0,6446
2428,2110,3.0,6452
2429,2254,1.0,6460
2430,2258,1.0,6465
2431,2258,2.0,6467
2432,2254,2.0,6470
2433,2254,3.0,6471
2434,2254,4.0,6478
2435,2236,2.0,6479
2436,2270,1.0,6486
2437,2270,2.0,6487
2438,2265,2.0,6506
2439,2276,1.0,6536
2440,2288,2.0,6543
2441,2288,3.0,6544
2442,2288,1.0,6545
2443,2288,4.0,6546
2444,1352,1.0,6548
2445,2255,1.0,6549
2446,2255,2.0,6550
2447,2255,3.0,6551
2448,2265,3.0,6555
2449,2265,1.0,6556
2450,2265,4.0,6557
2451,2265,5.0,6558
2452,2266,1.0,6559
2453,2266,2.0,6560
2454,2266,3.0,6561
2455,2293,1.0,6562
2456,2266,4.0,6563
2457,2266,5.0,6564
2458,2266,6.0,6565
2459,2293,2.0,6566
2460,2266,7.0,6567
2461,2267,1.0,6568
2462,2267,3.0,6569
2463,2267,4.0,6570
2464,2267,5.0,6571
2465,2267,2.0,6572
2466,2276,2.0,6573
2467,1352,2.0,6577
2468,2276,3.0,6591
2469,2304,1.0,6630
2470,2304,2.0,6631
2471,2304,3.0,6633
2472,2304,4.0,6634
2473,2304,5.0,6636
2474,2304,6.0,6637
2475,2306,1.0,6638
2476,2306,3.0,6639
2477,2306,4.0,6641
2478,2306,5.0,6642
2479,2306,2.0,6643
2480,2314,1.0,6663
2481,2316,3.0,6669
2482,2316,1.0,6670
2483,2316,4.0,6671
2484,2317,1.0,6675
2485,2317,2.0,6676
2486,2316,2.0,6686
2487,2324,1.0,6710
2488,2324,3.0,6711
2489,2324,4.0,6712
2490,2324,5.0,6713
2491,2333,4.0,6750
2492,2333,2.0,6760
2493,2333,3.0,6761
2494,2333,1.0,6762
2495,2338,1.0,6771
2496,2338,2.0,6772
2497,2338,3.0,6773
2498,2338,4.0,6774
2499,2341,1.0,6780
2500,2341,2.0,6781
2501,2341,3.0,6782
2502,2342,1.0,6783
2503,2341,4.0,6784
2504,2342,2.0,6785
2505,2342,3.0,6786
2506,2342,4.0,6787
2507,2342,5.0,6788
2508,2343,1.0,6789
2509,2343,2.0,6790
2510,2343,3.0,6791
2511,2343,4.0,6792
2512,2343,5.0,6793
2513,2343,6.0,6794
2514,2343,7.0,6795
2515,2343,8.0,6796
2516,2343,9.0,6797
2517,2343,10.0,6798
2518,2344,1.0,6799
2519,2344,2.0,6800
2520,2344,3.0,6801
2521,2350,1.0,6808
2522,2350,2.0,6809
2523,2356,1.0,6822
2524,2356,2.0,6823
2525,2356,3.0,6824
2526,2349,1.0,6825
2527,2349,2.0,6834
2528,2359,1.0,6835
2529,2361,1.0,6837
2530,2361,2.0,6838
2531,2361,3.0,6839
2532,2363,1.0,6847
2533,2359,2.0,6848
2534,2366,1.0,6849
2535,2366,2.0,6850
2536,2366,3.0,6851
2537,2366,4.0,6852
2538,2367,1.0,6853
2539,2367,2.0,6854
2540,2368,1.0,6855
2541,2370,1.0,6857
2542,2370,2.0,6858
2543,2371,1.0,6860
2544,2373,1.0,6861
2545,2373,2.0,6862
2546,2372,1.0,6863
2547,2372,2.0,6864
2548,2373,3.0,6865
2549,2372,3.0,6866
2550,2373,4.0,6867
2551,2182,1.0,6868
2552,2359,3.0,6870
2553,2359,4.0,6871
2554,2182,2.0,6872
2555,2373,5.0,6873
2556,2182,3.0,6874
2557,2373,6.0,6879
2558,2182,4.0,6880
2559,2374,1.0,6881
2560,2379,1.0,6882
2561,2379,2.0,6885
2562,2381,1.0,6886
2563,2379,3.0,6887
2564,2368,2.0,6888
2565,2371,2.0,6889
2566,2371,3.0,6890
2567,2373,7.0,6891
2568,2374,3.0,6892
2569,2374,4.0,6893
2570,2374,5.0,6894
2571,2374,6.0,6895
2572,2374,7.0,6896
2573,2198,1.0,6897
2574,2182,5.0,6898
2575,2368,3.0,6899
2576,2381,2.0,6900
2577,2381,3.0,6901
2578,2374,2.0,6903
2579,2381,4.0,6904
2580,2374,8.0,6906
2581,2371,4.0,6913
2582,2371,5.0,6914
2583,2388,1.0,6915
2584,2388,2.0,6916
2585,2388,3.0,6917
2586,2372,4.0,6918
2587,2388,4.0,6919
2588,2388,5.0,6920
2589,2396,1.0,6950
2590,2397,1.0,6951
2591,2397,2.0,6952
2592,2303,1.0,6953
2593,2380,1.0,6961
2594,2404,1.0,6964
2595,2406,1.0,6965
2596,2406,2.0,6966
2597,2406,3.0,6967
2598,2404,2.0,6968
2599,2407,1.0,6969
2600,2396,2.0,6970
2601,2408,1.0,6972
2602,2408,2.0,6973
2603,2410,1.0,6976
2604,2410,2.0,6977
2605,2380,2.0,6978
2606,2410,4.0,6979
2607,2410,3.0,6980
2608,2412,1.0,6981
2609,2413,1.0,6989
2610,2413,2.0,6990
2611,2416,1.0,6991
2612,2416,2.0,6992
2613,2416,3.0,6993
2614,2412,2.0,7002
2615,2424,2.0,7007
2616,2314,2.0,7008
2617,2429,1.0,7014
2618,2429,2.0,7015
2619,2429,3.0,7016
2620,2412,3.0,7017
2621,2314,3.0,7019
2622,2424,1.0,7021
2623,2424,3.0,7023
2624,2441,1.0,7050
2625,2442,1.0,7051
2626,2442,2.0,7052
2627,2424,4.0,7053
2628,2443,1.0,7054
2629,2443,2.0,7055
2630,2443,3.0,7056
2631,2445,1.0,7057
2632,2405,1.0,7058
2633,2445,2.0,7062
2634,2445,3.0,7063
2635,2448,1.0,7064
2636,2449,1.0,7065
2637,2449,2.0,7066
2638,2451,1.0,7070
2639,2451,2.0,7074
2640,2451,3.0,7075
2641,2451,4.0,7076
2642,2451,5.0,7077
2643,2451,6.0,7078
2644,2451,7.0,7079
2645,2451,8.0,7080
2646,2451,9.0,7081
2647,2451,10.0,7082
2648,2405,2.0,7094
2649,2405,3.0,7095
2650,2405,4.0,7096
2651,2405,5.0,7097
2652,2459,1.0,7098
2653,2459,2.0,7099
2654,2455,1.0,7100
2655,2455,2.0,7101
2656,2455,3.0,7102
2657,2455,4.0,7103
2658,2448,2.0,7106
2659,2464,1.0,7113
2660,2465,1.0,7116
2661,2465,2.0,7120
2662,2464,2.0,7127
2663,2471,1.0,7130
2664,2471,2.0,7131
2665,2471,3.0,7134
2666,2471,4.0,7135
2667,2473,1.0,7137
2668,2475,1.0,7139
2669,2475,2.0,7142
2670,2475,3.0,7147
2671,2476,1.0,7149
2672,2473,2.0,7151
2673,2473,3.0,7152
2674,2477,1.0,7153
2675,2476,2.0,7154
2676,2476,3.0,7155
2677,2477,2.0,7156
2678,2477,3.0,7157
2679,2478,1.0,7158
2680,2478,2.0,7159
2681,2483,1.0,7163
2682,2483,2.0,7164
2683,2478,3.0,7165
2684,2464,3.0,7186
2685,2496,1.0,7200
2686,2496,2.0,7201
2687,2496,3.0,7202
2688,2496,4.0,7203
2689,2496,5.0,7204
2690,2496,6.0,7205
2691,2496,7.0,7206
2692,2495,1.0,7211
2693,2465,3.0,7216
2694,2465,4.0,7217
2695,2499,1.0,7218
2696,2499,2.0,7219
2697,2500,1.0,7220
2698,2502,1.0,7222
2699,2504,1.0,7225
2700,2502,2.0,7228
2701,2502,3.0,7229
2702,2507,1.0,7230
2703,2507,2.0,7231
2704,2512,1.0,7235
2705,2512,2.0,7236
2706,2515,1.0,7240
2707,2514,1.0,7241
2708,2514,2.0,7242
2709,2514,3.0,7243
2710,2495,2.0,7244
2711,2495,3.0,7245
2712,2495,4.0,7246
2713,2448,3.0,7247
2714,2505,1.0,7248
2715,2516,1.0,7249
2716,2519,1.0,7256
2717,2519,2.0,7257
2718,2519,3.0,7258
2719,2519,4.0,7259
2720,2522,1.0,7260
2721,2522,2.0,7261
2722,2500,2.0,7263
2723,2505,2.0,7264
2724,2525,1.0,7265
2725,2525,2.0,7275
2726,2529,1.0,7276
2727,2529,2.0,7277
2728,2529,3.0,7278
2729,2529,4.0,7279
2730,2529,5.0,7280
2731,2530,1.0,7281
2732,2530,2.0,7282
2733,2530,3.0,7283
2734,2530,4.0,7284
2735,2448,4.0,7315
2736,2525,3.0,7318
2737,2541,1.0,7323
2738,2541,2.0,7324
2739,2541,3.0,7326
2740,2541,4.0,7327
2741,2544,1.0,7329
2742,2544,2.0,7335
2743,2545,1.0,7339
2744,2551,1.0,7345
2745,2504,2.0,7352
2746,2545,2.0,7356
2747,2544,3.0,7373
2748,2551,2.0,7381
2749,2545,3.0,7385
2750,2604,1.0,7410
2751,2604,2.0,7411
2752,2604,3.0,7412
2753,2604,4.0,7413
2754,2604,5.0,7414
2755,2551,3.0,7418
2756,2607,1.0,7419
2757,2607,2.0,7420
2758,2607,3.0,7426
2759,2610,1.0,7428
2760,2516,2.0,7429
2761,2609,1.0,7430
2762,2611,1.0,7431
2763,2611,2.0,7432
2764,2609,2.0,7433
2765,2611,3.0,7434
2766,2611,4.0,7435
2767,2611,5.0,7436
2768,2609,3.0,7437
2769,2609,4.0,7438
2770,2612,1.0,7439
2771,2612,2.0,7440
2772,2612,3.0,7441
2773,2613,1.0,7442
2774,2613,2.0,7443
2775,2613,3.0,7444
2776,2614,1.0,7446
2777,2625,1.0,7465
2778,2625,2.0,7466
2779,2625,3.0,7467
2780,2625,4.0,7468
2781,2551,4.0,7475
2782,2629,1.0,7476
2783,2629,2.0,7477
2784,2629,3.0,7478
2785,2622,1.0,7479
2786,2622,2.0,7480
2787,2622,3.0,7481
2788,2622,4.0,7482
2789,2622,5.0,7483
2790,2622,6.0,7484
2791,2622,7.0,7485
2792,2622,8.0,7486
2793,2622,9.0,7487
2794,2622,10.0,7488
2795,2622,11.0,7489
2796,2622,12.0,7490
2797,2614,2.0,7503
2798,2655,1.0,7566
2799,2655,2.0,7578
2800,2661,1.0,7579
2801,2661,2.0,7581
2802,2661,3.0,7583
2803,2662,1.0,7585
2804,2662,2.0,7586
2805,2662,3.0,7587
2806,2662,4.0,7588
2807,2663,1.0,7589
2808,2663,2.0,7591
2809,2663,3.0,7592
2810,2663,4.0,7593
2811,2655,3.0,7600
2812,2657,2.0,7605
2813,2668,1.0,7618
2814,2668,2.0,7619
2815,2670,1.0,7620
2816,2672,1.0,7621
2817,2670,2.0,7622
2818,2670,3.0,7626
2819,2677,2.0,7637
2820,2677,3.0,7638
2821,2657,1.0,7642
2822,2677,1.0,7643
2823,2668,3.0,7644
2824,2682,1.0,7647
2825,2682,2.0,7648
2826,2682,3.0,7651
2827,2682,4.0,7652
2828,2682,5.0,7653
2829,2686,1.0,7657
2830,2686,2.0,7658
2831,2668,4.0,7670
2832,2696,1.0,7673
2833,2696,2.0,7674
2834,2696,3.0,7675
2835,2696,4.0,7676
2836,2688,1.0,7684
2837,2688,2.0,7686
2838,2698,1.0,7687
2839,2698,2.0,7689
2840,2698,3.0,7691
2841,2702,1.0,7705
2842,2714,1.0,7720
2843,2717,2.0,7721
2844,2717,1.0,7722
2845,2705,1.0,7723
2846,2716,1.0,7725
2847,2705,2.0,7726
2848,2705,3.0,7727
2849,2714,2.0,7729
2850,2717,3.0,7735
2851,2720,1.0,7737
2852,2715,1.0,7738
2853,2720,2.0,7739
2854,2720,3.0,7742
2855,2714,3.0,7747
2856,2714,4.0,7749
2857,2714,5.0,7750
2858,2717,4.0,7751
2859,2717,5.0,7752
2860,2715,2.0,7753
2861,2720,4.0,7754
2862,2715,3.0,7755
2863,2727,1.0,7765
2864,2672,2.0,7780
2865,2363,2.0,7781
2866,2363,3.0,7782
2867,2724,1.0,7786
2868,2724,2.0,7787
2869,2724,3.0,7789
2870,2724,4.0,7790
2871,2737,1.0,7815
2872,2750,1.0,7816
2873,2750,2.0,7817
2874,2750,3.0,7818
2875,2750,4.0,7819
2876,2739,1.0,7828
2877,2755,1.0,7834
2878,2755,2.0,7835
2879,2755,3.0,7836
2880,2755,4.0,7837
2881,2703,1.0,7839
2882,2703,2.0,7840
2883,2703,3.0,7841
2884,2760,1.0,7842
2885,2774,1.0,7880
2886,2774,2.0,7881
2887,2774,3.0,7883
2888,2774,4.0,7884
2889,2774,5.0,7885
2890,2776,1.0,7891
2891,2776,2.0,7892
2892,2776,3.0,7894
2893,2776,4.0,7896
2894,2776,5.0,7898
2895,2777,1.0,7899
2896,2776,6.0,7900
2897,2779,1.0,7901
2898,2699,1.0,7902
2899,2777,2.0,7903
2900,2780,1.0,7904
2901,2777,3.0,7905
2902,2780,2.0,7906
2903,2780,3.0,7907
2904,2780,4.0,7908
2905,2779,2.0,7909
2906,2781,1.0,7910
2907,2776,7.0,7912
2908,2788,1.0,7929
2909,2784,1.0,7930
2910,2788,2.0,7933
2911,2781,2.0,7934
2912,2792,1.0,7936
2913,2781,3.0,7937
2914,2794,1.0,7938
2915,2794,2.0,7939
2916,2794,3.0,7940
2917,2794,4.0,7941
2918,2791,1.0,7946
2919,2760,2.0,7947
2920,2760,3.0,7948
2921,2716,2.0,7951
2922,2792,2.0,7952
2923,2800,2.0,7953
2924,2792,3.0,7955
2925,2792,4.0,7956
2926,2800,1.0,7957
2927,2699,2.0,7963
2928,2806,1.0,7966
2929,2807,1.0,7967
2930,2808,3.0,7968
2931,2716,3.0,7969
2932,2716,4.0,7970
2933,2807,2.0,7971
2934,2791,2.0,7972
2935,2791,3.0,7973
2936,2791,4.0,7974
2937,2791,5.0,7975
2938,2809,2.0,7977
2939,2716,5.0,7978
2940,2807,3.0,7979
2941,2807,4.0,7983
2942,2737,2.0,7984
2943,2813,3.0,7986
2944,2737,3.0,7987
2945,2758,1.0,7988
2946,2758,2.0,7989
2947,2757,1.0,7990
2948,2757,2.0,7991
2949,2757,3.0,7992
2950,2704,1.0,7993
2951,2704,2.0,7994
2952,2704,3.0,7995
2953,2813,4.0,7997
2954,2791,6.0,7998
2955,2791,7.0,7999
2956,2791,8.0,8000
2957,2791,9.0,8001
2958,2791,10.0,8002
2959,2791,11.0,8008
2960,2791,12.0,8009
2961,2791,13.0,8011
2962,2791,14.0,8012
2963,2791,15.0,8013
2964,2791,16.0,8014
2965,2808,2.0,8019
2966,2737,4.0,8020
2967,2823,1.0,8021
2968,2813,2.0,8023
2969,2813,1.0,8024
2970,2809,1.0,8025
2971,2808,1.0,8029
2972,2825,1.0,8031
2973,2761,1.0,8032
2974,2761,2.0,8033
2975,2762,1.0,8034
2976,2762,2.0,8035
2977,2781,4.0,8037
2978,2828,1.0,8040
2979,2823,2.0,8045
2980,2763,1.0,8050
2981,2763,2.0,8051
2982,2764,1.0,8054
2983,2764,2.0,8055
2984,2836,1.0,8062
2985,2815,1.0,8074
2986,2815,2.0,8075
2987,2815,3.0,8076
2988,2816,1.0,8081
2989,2816,2.0,8082
2990,2816,3.0,8083
2991,2842,1.0,8093
2992,2842,2.0,8094
2993,2842,3.0,8095
2994,2844,1.0,8101
2995,2844,2.0,8103
2996,2846,1.0,8106
2997,2846,2.0,8109
2998,2846,3.0,8110
2999,2846,4.0,8112
3000,2846,5.0,8113
3001,2850,1.0,8114
3002,2850,2.0,8115
3003,2850,3.0,8117
3004,2838,1.0,8121
3005,2854,1.0,8122
3006,2817,1.0,8123
3007,2817,2.0,8124
3008,2817,3.0,8125
3009,2817,4.0,8126
3010,2818,1.0,8128
3011,2818,2.0,8129
3012,2818,3.0,8130
3013,2861,1.0,8132
3014,2861,2.0,8133
3015,2861,3.0,8134
3016,2863,1.0,8135
3017,2867,1.0,8138
3018,2838,2.0,8139
3019,2862,1.0,8140
3020,2862,2.0,8141
3021,2862,3.0,8142
3022,2862,4.0,8143
3023,2869,1.0,8145
3024,2869,2.0,8146
3025,2865,1.0,8147
3026,2869,3.0,8154
3027,2863,2.0,8155
3028,2863,3.0,8156
3029,2874,1.0,8161
3030,2863,4.0,8162
3031,2863,5.0,8167
3032,2864,1.0,8168
3033,2875,1.0,8169
3034,2874,3.0,8170
3035,2879,1.0,8173
3036,2879,2.0,8178
3037,2874,4.0,8179
3038,2879,3.0,8180
3039,2865,3.0,8184
3040,2883,1.0,8185
3041,2874,5.0,8186
3042,2883,2.0,8187
3043,2874,2.0,8188
3044,2884,4.0,8189
3045,2875,2.0,8190
3046,2875,3.0,8191
3047,2875,4.0,8192
3048,2875,5.0,8193
3049,2883,3.0,8194
3050,2838,3.0,8195
3051,2893,1.0,8204
3052,2884,1.0,8205
3053,2896,1.0,8208
3054,2896,2.0,8209
3055,2897,1.0,8210
3056,2896,3.0,8211
3057,2896,4.0,8212
3058,2896,5.0,8213
3059,2898,1.0,8214
3060,2756,1.0,8215
3061,2756,2.0,8216
3062,2756,3.0,8217
3063,2898,2.0,8218
3064,2884,3.0,8219
3065,2884,9.0,8220
3066,2899,1.0,8221
3067,2899,2.0,8222
3068,2900,1.0,8223
3069,2900,2.0,8224
3070,2901,1.0,8225
3071,2901,2.0,8226
3072,2902,1.0,8227
3073,2902,2.0,8228
3074,2903,1.0,8229
3075,2903,2.0,8230
3076,2905,1.0,8233
3077,2905,2.0,8234
3078,2906,1.0,8235
3079,2906,2.0,8236
3080,2907,1.0,8237
3081,2907,2.0,8238
3082,2908,1.0,8239
3083,2908,2.0,8240
3084,2897,2.0,8245
3085,2884,2.0,8257
3086,2914,1.0,8258
3087,2914,2.0,8259
3088,2915,1.0,8260
3089,2915,2.0,8261
3090,2915,3.0,8262
3091,2915,4.0,8263
3092,2917,1.0,8269
3093,2914,3.0,8270
3094,2918,1.0,8272
3095,2884,6.0,8273
3096,2865,2.0,8274
3097,2918,2.0,8286
3098,2933,1.0,8327
3099,2858,1.0,8331
3100,2858,3.0,8332
3101,2858,2.0,8333
3102,2858,4.0,8334
3103,2303,2.0,8335
3104,2893,2.0,8336
3105,2884,7.0,8341
3106,2932,1.0,8342
3107,2884,5.0,8343
3108,2940,1.0,8345
3109,2940,2.0,8346
3110,2940,3.0,8347
3111,2940,4.0,8348
3112,2941,1.0,8349
3113,2941,2.0,8350
3114,2941,3.0,8351
3115,2941,4.0,8352
3116,2857,1.0,8353
3117,2857,2.0,8354
3118,2857,3.0,8355
3119,2859,1.0,8359
3120,2859,2.0,8360
3121,2860,1.0,8361
3122,2860,2.0,8362
3123,2860,3.0,8363
3124,2860,4.0,8364
3125,2932,2.0,8365
3126,2324,2.0,8366
3127,2932,3.0,8369
3128,2884,8.0,8370
3129,2953,1.0,8379
3130,2953,3.0,8382
3131,2953,2.0,8383
3132,2952,1.0,8388
3133,2952,2.0,8389
3134,2952,3.0,8390
3135,2959,1.0,8394
3136,2960,1.0,8398
3137,2960,2.0,8399
3138,2963,1.0,8404
3139,2967,1.0,8405
3140,2967,2.0,8407
3141,2971,1.0,8415
3142,2963,2.0,8416
3143,2884,10.0,8418
3144,2963,9.0,8422
3145,2963,8.0,8425
3146,2975,1.0,8426
3147,2973,1.0,8427
3148,2963,6.0,8428
3149,2963,7.0,8430
3150,2963,5.0,8431
3151,2979,1.0,8434
3152,2979,2.0,8435
3153,2963,3.0,8442
3154,2963,4.0,8446
3155,2987,1.0,8447
3156,2981,1.0,8449
3157,2990,1.0,8450
3158,2991,1.0,8455
3159,2934,1.0,8461
3160,3001,1.0,8478
3161,3001,2.0,8479
3162,3001,3.0,8480
3163,2934,2.0,8491
3164,3007,1.0,8502
3165,3007,2.0,8503
3166,3007,3.0,8504
3167,3007,4.0,8505
3168,3007,5.0,8506
3169,2991,2.0,8518
3170,3013,1.0,8522
3171,2990,3.0,8524
3172,2990,2.0,8525
3173,3013,2.0,8526
3174,3013,3.0,8527
3175,2991,3.0,8528
3176,3013,4.0,8530
3177,3014,1.0,8531
3178,3016,1.0,8532
3179,3016,2.0,8534
3180,3014,2.0,8536
3181,3014,3.0,8537
3182,3014,4.0,8542
3183,3018,1.0,8544
3184,3018,2.0,8545
3185,2998,1.0,8548
3186,3014,5.0,8549
3187,3019,2.0,8550
3188,3022,1.0,8554
3189,3013,5.0,8555
3190,3023,1.0,8556
3191,3023,3.0,8557
3192,3023,4.0,8558
3193,3023,5.0,8559
3194,3023,2.0,8562
3195,3020,1.0,8563
3196,3020,2.0,8565
3197,3026,1.0,8566
3198,3026,2.0,8567
3199,3026,3.0,8568
3200,3026,4.0,8569
3201,3027,1.0,8570
3202,3027,2.0,8571
3203,3027,3.0,8572
3204,3028,1.0,8573
3205,3028,2.0,8574
3206,3028,3.0,8575
3207,3028,4.0,8576
3208,3020,3.0,8578
3209,3029,1.0,8579
3210,3029,3.0,8580
3211,3029,4.0,8581
3212,3031,1.0,8584
3213,3031,2.0,8585
3214,3031,3.0,8586
3215,3032,1.0,8587
3216,3032,2.0,8588
3217,3032,3.0,8589
3218,3024,1.0,8590
3219,3019,3.0,8592
3220,3024,2.0,8593
3221,3050,1.0,8658
3222,3051,1.0,8660
3223,3051,2.0,8670
3224,3051,3.0,8676
3225,3029,2.0,8681
3226,3032,4.0,8694
3227,3099,1.0,8700
3228,3099,2.0,8708
3229,3099,3.0,8713
3230,3051,4.0,8721
3231,3117,1.0,8727
3232,3118,1.0,8729
3233,3117,2.0,8730
3234,3117,3.0,8731
3235,3117,4.0,8736
3236,3119,1.0,8737
3237,3119,2.0,8738
3238,3051,5.0,8741
3239,3117,5.0,8745
3240,3118,2.0,8746
3241,3136,2.0,8799
3242,3118,3.0,8805
3243,3136,3.0,8813
3244,3136,4.0,8814
3245,3136,1.0,8840
3246,3118,4.0,8841
3247,3149,3.0,8842
3248,3151,1.0,8847
3249,3151,2.0,8848
3250,3118,5.0,8861
3251,3149,1.0,8862
3252,3149,2.0,8863
3253,3118,6.0,8890
3254,3168,1.0,8891
3255,3164,1.0,8893
3256,3001,4.0,8894
3257,3169,1.0,8897
3258,3169,2.0,8900
3259,3172,1.0,8903
3260,3172,2.0,8916
3261,3153,1.0,8927
3262,3051,6.0,8929
3263,3191,1.0,8932
3264,3191,2.0,8933
3265,3191,3.0,8934
3266,3191,4.0,8935
3267,3191,5.0,8936
3268,3191,6.0,8937
3269,3191,7.0,8938
3270,3192,1.0,8939
3271,3192,2.0,8940
3272,3192,3.0,8941
3273,3192,4.0,8942
3274,3192,5.0,8943
3275,3192,6.0,8944
3276,3192,7.0,8945
3277,3192,8.0,8946
3278,3020,4.0,8947
3279,3190,1.0,8948
3280,3197,1.0,8957
3281,3197,2.0,8958
3282,3190,2.0,8960
3283,3019,1.0,8977
3284,3207,1.0,8979
3285,3208,2.0,8980
3286,3208,3.0,8981
3287,3208,4.0,8982
3288,3208,1.0,8983
3289,2998,2.0,8984
3290,3050,2.0,8985
3291,3212,1.0,8989
3292,3212,2.0,8990
3293,3212,3.0,8991
3294,3211,1.0,9007
3295,3211,2.0,9012
3296,3211,3.0,9013
3297,3211,4.0,9014
3298,3211,5.0,9015
3299,2998,3.0,9017
3300,3212,4.0,9018
3301,3211,6.0,9019
3302,3211,7.0,9020
3303,3211,8.0,9021
3304,3211,9.0,9022
3305,3211,10.0,9023
3306,3212,5.0,9024
3307,3226,1.0,9031
3308,3226,2.0,9032
3309,3226,3.0,9033
3310,3227,3.0,9035
3311,3227,1.0,9036
3312,3213,1.0,9037
3313,3213,2.0,9038
3314,3227,2.0,9039
3315,3213,3.0,9040
3316,3213,4.0,9042
3317,3213,5.0,9043
3318,3231,1.0,9050
3319,3231,2.0,9051
3320,3231,3.0,9052
3321,3213,6.0,9055
3322,3213,7.0,9056
3323,3213,8.0,9057
3324,3213,9.0,9058
3325,3213,10.0,9059
3326,3213,11.0,9060
3327,3215,1.0,9063
3328,3234,1.0,9064
3329,3216,1.0,9074
3330,3216,2.0,9075
3331,3216,3.0,9078
3332,3233,1.0,9081
3333,3233,2.0,9082
3334,3233,3.0,9083
3335,3233,4.0,9084
3336,3233,5.0,9085
3337,3215,2.0,9094
3338,3240,1.0,9120
3339,3240,2.0,9125
3340,3234,2.0,9190
3341,3216,12.0,9208
3342,3263,1.0,9213
3343,3264,1.0,9214
3344,3264,2.0,9215
3345,3217,1.0,9219
3346,3265,1.0,9220
3347,3267,1.0,9227
3348,3217,2.0,9229
3349,3268,1.0,9232
3350,3271,1.0,9236
3351,3272,1.0,9241
3352,3217,3.0,9250
3353,3271,2.0,9264
3354,3274,1.0,9265
3355,3274,2.0,9266
3356,3275,1.0,9267
3357,3217,6.0,9268
3358,3276,1.0,9269
3359,3217,7.0,9275
3360,3277,1.0,9276
3361,3277,2.0,9277
3362,3277,3.0,9283
3363,3195,1.0,9292
3364,3194,1.0,9295
3365,3277,4.0,9300
3366,3286,1.0,9303
3367,3287,1.0,9304
3368,3287,2.0,9305
3369,3287,3.0,9306
3370,3292,1.0,9328
3371,3305,1.0,9329
3372,3292,2.0,9330
3373,3305,2.0,9337
3374,3292,3.0,9340
3375,3292,4.0,9342
3376,3308,1.0,9343
3377,3305,3.0,9344
3378,3307,1.0,9345
3379,3310,1.0,9346
3380,3307,2.0,9347
3381,3292,5.0,9348
3382,3292,6.0,9351
3383,3292,8.0,9352
3384,3292,9.0,9357
3385,3307,3.0,9358
3386,3218,1.0,9360
3387,3218,3.0,9362
3388,3218,4.0,9363
3389,3218,5.0,9364
3390,3218,9.0,9368
3391,3218,10.0,9369
3392,3218,2.0,9374
3393,3311,1.0,9375
3394,3268,2.0,9376
3395,3268,3.0,9377
3396,3313,1.0,9379
3397,3316,1.0,9380
3398,3315,1.0,9385
3399,3315,2.0,9387
3400,3320,1.0,9390
3401,3307,4.0,9391
3402,3293,1.0,9392
3403,3293,2.0,9393
3404,3307,5.0,9394
3405,3293,3.0,9395
3406,3293,4.0,9397
3407,3318,1.0,9398
3408,3322,1.0,9401
3409,3323,1.0,9402
3410,3286,2.0,9405
3411,3395,1.0,9680
3412,3396,1.0,9682
3413,3397,1.0,9687
3414,3398,1.0,9692
3415,3399,1.0,9697
3416,3402,1.0,9707
3417,3292,7.0,9720
3418,3410,1.0,9722
3419,3410,2.0,9723
3420,3293,5.0,9724
3421,3410,3.0,9725
3422,3410,4.0,9726
3423,3293,6.0,9729
3424,3293,7.0,9730
3425,3293,8.0,9731
3426,3412,1.0,9732
3427,3413,1.0,9733
3428,3293,9.0,9734
3429,3293,10.0,9735
3430,3414,1.0,9736
3431,3415,1.0,9738
3432,3296,1.0,9743
3433,3296,2.0,9749
3434,3296,3.0,9752
3435,3425,2.0,9762
3436,3428,1.0,9765
3437,3419,1.0,9766
3438,3296,4.0,9767
3439,3296,5.0,9768
3440,3425,3.0,9770
3441,3430,1.0,9771
3442,3432,1.0,9773
3443,3296,6.0,9775
3444,3296,7.0,9776
3445,3419,2.0,9777
3446,3439,1.0,9787
3447,3439,2.0,9790
3448,3438,1.0,9804
3449,3447,1.0,9808
3450,3439,3.0,9809
3451,3438,2.0,9812
3452,3448,1.0,9814
3453,3449,1.0,9815
3454,3452,1.0,9821
3455,3455,1.0,9822
3456,3457,1.0,9824
3457,3458,2.0,9827
3458,3452,2.0,9833
3459,3457,2.0,9835
3460,3457,3.0,9836
3461,3457,4.0,9837
3462,3457,5.0,9838
3463,3457,6.0,9839
3464,3457,7.0,9840
3465,3457,8.0,9841
3466,3444,1.0,9851
3467,3466,1.0,9857
3468,3468,1.0,9858
3469,3297,1.0,9859
3470,3452,3.0,9860
3471,3472,1.0,9872
3472,3469,1.0,9874
3473,3472,2.0,9880
3474,3476,1.0,9881
3475,3476,2.0,9887
3476,3477,1.0,9890
3477,3477,2.0,9892
3478,3477,3.0,9894
3479,3297,2.0,9895
3480,3297,3.0,9899
3481,3476,3.0,9900
3482,3485,1.0,9903
3483,3485,2.0,9904
3484,3485,3.0,9905
3485,3485,4.0,9906
3486,3485,5.0,9907
3487,3297,4.0,9910
3488,3297,5.0,9912
3489,3297,6.0,9913
3490,3477,4.0,9914
3491,3297,7.0,9915
3492,3488,3.0,9921
3493,3297,8.0,9922
3494,3492,1.0,9923
3495,3492,2.0,9924
3496,3297,9.0,9925
3497,3492,3.0,9926
3498,3492,4.0,9928
3499,3492,5.0,9929
3500,3496,1.0,9933
3501,3492,6.0,9934
3502,3297,10.0,9936
3503,3297,11.0,9937
3504,3295,1.0,9963
3505,3295,2.0,9970
3506,3295,3.0,9973
3507,3295,4.0,10000
3508,3299,1.0,10002
3509,3299,2.0,10004
3510,3295,5.0,10005
3511,3295,6.0,10007
3512,3299,3.0,10008
3513,3299,4.0,10012
3514,3295,7.0,10017
3515,3295,8.0,10018
3516,3295,9.0,10019
3517,3299,5.0,10020
3518,3295,10.0,10021
3519,3299,6.0,10022
3520,3299,7.0,10030
3521,3537,1.0,10088
3522,3537,2.0,10089
3523,3540,1.0,10100
3524,3425,1.0,10107
3525,3455,2.0,10108
3526,3541,1.0,10118
3527,3545,1.0,10119
3528,3545,2.0,10120
3529,3552,1.0,10148
3530,3428,2.0,10150
3531,3432,2.0,10153
3532,3432,3.0,10154
3533,3555,1.0,10155
3534,3559,3.0,10172
3535,3559,4.0,10173
3536,3447,2.0,10174
3537,3559,1.0,10175
3538,3458,1.0,10176
3539,3458,3.0,10177
3540,3488,1.0,10183
3541,3488,2.0,10184
3542,3300,1.0,10186
3543,3555,2.0,10187
3544,3300,2.0,10188
3545,3300,3.0,10189
3546,3300,4.0,10205
3547,3300,5.0,10209
3548,3300,6.0,10210
3549,3300,7.0,10211
3550,3564,1.0,10269
3551,3592,1.0,10290
3552,3564,2.0,10294
3553,3592,2.0,10306
3554,3592,3.0,10309
3555,3611,1.0,10323
3556,3552,2.0,10332
3557,3611,4.0,10333
3558,3552,3.0,10334
3559,3592,4.0,10339
3560,3615,1.0,10340
3561,3559,2.0,10343
3562,3552,4.0,10358
3563,3552,5.0,10361
3564,3625,1.0,10378
3565,3625,2.0,10379
3566,3625,3.0,10380
3567,3625,4.0,10382
3568,3625,5.0,10383
3569,3625,6.0,10384
3570,3625,7.0,10385
3571,3615,7.0,10404
3572,3634,1.0,10426
3573,3634,2.0,10427
3574,3592,5.0,10458
3575,3640,1.0,10463
3576,3640,2.0,10465
3577,3645,1.0,10466
3578,3645,3.0,10467
3579,3645,2.0,10468
3580,3646,1.0,10469
3581,3646,2.0,10470
3582,3646,3.0,10471
3583,3300,8.0,10487
3584,3653,1.0,10498
3585,3300,9.0,10533
3586,3300,10.0,10534
3587,3300,11.0,10536
3588,3300,12.0,10538
3589,3592,6.0,10603
3590,3592,7.0,10626
3591,3649,1.0,10632
3592,3709,1.0,10670
3593,3700,1.0,10672
3594,3700,2.0,10675
3595,3722,1.0,10710
3596,3726,1.0,10715
3597,3730,1.0,10736
3598,3730,3.0,10737
3599,3730,4.0,10738
3600,3730,2.0,10741
3601,3726,2.0,10754
3602,3733,1.0,10755
3603,3733,2.0,10756
3604,3733,3.0,10757
3605,3722,2.0,10982
3606,3799,1.0,10983
3607,3801,1.0,10984
3608,3801,2.0,10985
3609,3801,3.0,10986
3610,3804,1.0,10997
3611,3804,2.0,10998
3612,3804,3.0,10999
3613,3804,4.0,11000
3614,3804,5.0,11001
3615,3804,6.0,11002
3616,3814,1.0,11017
3617,3814,2.0,11018
3618,3821,1.0,11031
3619,3821,2.0,11032
3620,3821,3.0,11033
3621,3836,1.0,11065
3622,3836,2.0,11067
3623,3836,3.0,11068
3624,3836,4.0,11069
3625,3836,5.0,11070
3626,3836,6.0,11071
3627,3837,1.0,11074
3628,3837,2.0,11075
3629,3837,3.0,11076
3630,3837,4.0,11077
3631,3837,5.0,11078
3632,3837,6.0,11079
3633,3850,1.0,11132
3634,3850,2.0,11133
3635,3850,4.0,11135
3636,3850,3.0,11137
3637,3850,5.0,11138
3638,3722,3.0,11179
3639,3874,1.0,11191
3640,3874,2.0,11192
3641,3874,3.0,11194
3642,3653,24.0,11217
3643,3881,1.0,11220
3644,3881,2.0,11221
3645,3881,3.0,11222
3646,3881,4.0,11223
3647,3874,4.0,11253
3648,3874,5.0,11254
3649,3874,6.0,11255
3650,3893,1.0,11261
3651,3799,2.0,11294
3652,3850,6.0,11302
3653,3753,2.0,11303
3654,3753,3.0,11304
3655,3753,4.0,11305
3656,3753,1.0,11314
3657,3915,1.0,11316
3658,3915,2.0,11317
3659,3915,3.0,11318
3660,3915,4.0,11319
3661,3926,1.0,11342
3662,3925,1.0,11343
3663,3925,2.0,11344
3664,3925,3.0,11345
3665,3925,4.0,11346
3666,3925,5.0,11347
3667,3722,4.0,11406
3668,3974,1.0,11435
3669,3974,2.0,11436
3670,3980,1.0,11449
3671,3980,2.0,11451
3672,3980,3.0,11452
3673,3980,4.0,11453
3674,3988,1.0,11461
3675,3996,1.0,11464
3676,3988,2.0,11466
3677,3996,2.0,11470
3678,3996,3.0,11481
3679,3988,3.0,11482
3680,3988,4.0,11497
3681,3893,2.0,11512
3682,3893,3.0,11513
3683,3893,4.0,11519
3684,3893,5.0,11520
3685,3988,5.0,11542
3686,4024,1.0,11548
3687,4024,2.0,11549
3688,4024,4.0,11551
3689,4024,5.0,11552
3690,4024,3.0,11553
3691,4023,1.0,11557
3692,4034,1.0,11576
3693,4023,2.0,11578
3694,4036,1.0,11579
3695,4023,3.0,11580
3696,4023,4.0,11581
3697,4034,2.0,11582
3698,4034,3.0,11583
3699,4021,1.0,11599
3700,4021,2.0,11600
3701,4021,3.0,11606
3702,4057,1.0,11651
3703,4057,2.0,11652
3704,4063,1.0,11662
3705,4066,1.0,11669
3706,4066,2.0,11671
3707,4066,3.0,11672
3708,4066,4.0,11673
3709,4066,5.0,11674
3710,4079,1.0,11687
3711,4078,1.0,11688
3712,4066,6.0,11689
3713,4079,2.0,11703
3714,4109,1.0,11775
3715,4117,1.0,11790
3716,4117,2.0,11791
3717,4117,3.0,11792
3718,3926,2.0,11810
3719,4159,1.0,11877
3720,4162,1.0,11883
3721,3888,1.0,11892
3722,3888,8.0,11897
3723,4181,1.0,11938
3724,4036,8.0,11941
3725,4036,9.0,11942
3726,4181,2.0,11943
3727,4181,3.0,11958
3728,4191,1.0,11979
3729,4036,38.0,12004
3730,4198,1.0,12007
3731,4198,2.0,12008
3732,4215,1.0,12057
3733,4215,2.0,12058
3734,4215,3.0,12059
3735,4219,1.0,12071
3736,4219,2.0,12072
3737,4222,1.0,12076
3738,4223,1.0,12078
3739,4223,2.0,12079
3740,4223,3.0,12080
3741,4223,4.0,12081
3742,4224,1.0,12082
3743,4224,2.0,12083
3744,4224,3.0,12084
3745,4225,1.0,12085
3746,4225,2.0,12086
3747,4225,3.0,12087
3748,4225,4.0,12088
3749,4226,1.0,12090
3750,4226,2.0,12091
3751,4226,3.0,12092
3752,4228,1.0,12096
3753,4228,2.0,12097
3754,4228,3.0,12098
3755,4228,4.0,12099
3756,4229,1.0,12100
3757,4229,2.0,12101
3758,4229,3.0,12102
3759,4229,4.0,12103
3760,4234,1.0,12124
3761,4234,2.0,12125
3762,4234,3.0,12126
3763,4234,4.0,12127
3764,4321,1.0,12467
3765,4371,1.0,12485
3766,4372,1.0,12486
3767,4372,2.0,12487
3768,4372,3.0,12488
3769,4373,1.0,12489
3770,4373,2.0,12490
3771,4373,3.0,12491
3772,4373,4.0,12492
3773,4374,1.0,12493
3774,4374,2.0,12494
3775,4374,3.0,12495
3776,4374,4.0,12496
3777,4375,1.0,12497
3778,4375,2.0,12498
3779,4375,3.0,12499
3780,4375,4.0,12500
3781,4375,5.0,12501
3782,4375,6.0,12502
3783,4376,1.0,12503
3784,4376,2.0,12504
3785,4376,3.0,12505
3786,4377,1.0,12506
3787,4377,2.0,12507
3788,4377,3.0,12508
3789,4377,4.0,12509
3790,4378,1.0,12510
3791,4378,2.0,12511
3792,4378,3.0,12512
3793,4379,1.0,12513
3794,4379,2.0,12514
3795,4379,3.0,12515
3796,4381,1.0,12517
3797,4381,2.0,12518
3798,4381,3.0,12519
3799,4383,1.0,12522
3800,4383,2.0,12524
3801,4385,1.0,12526
3802,4385,2.0,12528
3803,4385,3.0,12530
3804,4385,4.0,12532
3805,4385,5.0,12533
3806,4387,1.0,12535
3807,4387,2.0,12537
3808,4387,3.0,12539
3809,4414,1.0,12619
3810,4414,2.0,12620
3811,4596,1.0,13346
3812,4596,2.0,13347
3813,4596,3.0,13348
3814,4597,1.0,13349
3815,4597,2.0,13350
3816,4597,3.0,13351
3817,4598,1.0,13352
3818,4598,2.0,13353
3819,4598,3.0,13354
3820,4599,1.0,13355
3821,4599,2.0,13356
3822,4599,3.0,13357
3823,4599,4.0,13358
3824,4599,5.0,13359
3825,4600,1.0,13360
3826,4600,2.0,13361
3827,4600,3.0,13362
3828,4600,4.0,13363
3829,4601,1.0,13364
3830,4601,2.0,13365
3831,4601,3.0,13366
3832,4602,1.0,13367
3833,4602,2.0,13368
3834,4602,3.0,13369
3835,4603,1.0,13370
3836,4603,2.0,13371
3837,4603,3.0,13372
3838,4604,1.0,13373
3839,4604,2.0,13374
3840,4604,3.0,13375
3841,4606,1.0,13379
3842,4606,2.0,13380
3843,4606,3.0,13381
3844,4607,1.0,13382
3845,4607,2.0,13383
3846,4607,3.0,13384
3847,4608,1.0,13385
3848,4608,2.0,13386
3849,4608,3.0,13387
3850,4608,4.0,13388
3851,4609,1.0,13389
3852,4609,2.0,13390
3853,4609,3.0,13391
3854,4610,1.0,13392
3855,4610,2.0,13393
3856,4610,3.0,13394
3857,4610,4.0,13395
3858,4611,1.0,13396
3859,4611,2.0,13397
3860,4611,3.0,13398
3861,4611,4.0,13399
3862,4708,1.0,14093
3863,4708,2.0,14094
3864,4708,3.0,14099
3865,4708,4.0,14100
3866,4708,5.0,14101
3867,4708,6.0,14102
3868,4708,7.0,14189
3869,4708,8.0,14190
3870,4708,9.0,14191
3871,4708,10.0,14216
3872,4842,1.0,14236
3873,4842,2.0,14238
3874,4842,3.0,14240
3875,4845,1.0,14241
3876,4845,2.0,14243
3877,4845,3.0,14245
3878,4846,1.0,14249
3879,4846,2.0,14250
3880,4846,3.0,14251
3881,4849,1.0,14259
3882,4849,2.0,14260
3883,4849,3.0,14262
3884,4859,1.0,14284
3885,4868,1.0,14303
3886,4868,2.0,14304
3887,4870,1.0,14307
3888,4870,2.0,14308
3889,4871,1.0,14309
3890,4871,2.0,14310
3891,4878,1.0,14337
3892,4879,1.0,14338
3893,4879,2.0,14339
3894,4879,3.0,14340
3895,4880,1.0,14341
3896,4880,2.0,14342
3897,4880,3.0,14343
3898,4880,4.0,14344
3899,4881,1.0,14345
3900,4881,2.0,14346
3901,4881,3.0,14347
3902,4881,4.0,14348
3903,4883,1.0,14355
3904,4883,2.0,14356
3905,4883,3.0,14357
3906,4884,1.0,14358
3907,4884,2.0,14359
3908,4884,3.0,14360
3909,4884,4.0,14361
3910,4885,1.0,14362
3911,4885,2.0,14363
3912,4885,3.0,14364
3913,4886,1.0,14365
3914,4886,2.0,14366
3915,4886,3.0,14367
3916,4887,1.0,14368
3917,4887,2.0,14369
3918,4887,3.0,14370
3919,4888,1.0,14371
3920,4888,2.0,14372
3921,4889,1.0,14373
3922,4889,2.0,14374
3923,4889,3.0,14375
3924,4889,4.0,14376
3925,4889,5.0,14377
3926,4891,1.0,14382
3927,4891,2.0,14383
3928,4191,2.0,15163
3929,5126,4.0,15257
3930,5126,1.0,15259
3931,5126,2.0,15261
3932,4162,2.0,15262
3933,4162,3.0,15263
3934,4162,4.0,15264
3935,4162,5.0,15265
3936,4162,6.0,15266
3937,5126,3.0,15267
3938,5184,1.0,15410
3939,5190,1.0,15418
3940,5184,2.0,15419
3941,5184,3.0,15420
3942,5193,1.0,15422
3943,5193,2.0,15423
3944,5193,3.0,15424
3945,5193,4.0,15425
3946,5193,5.0,15426
3947,5193,6.0,15427
3948,5193,7.0,15428
3949,5193,8.0,15429
3950,5194,1.0,15430
3951,5194,2.0,15431
3952,5194,3.0,15432
3953,5194,4.0,15433
3954,5194,5.0,15434
3955,5194,6.0,15435
3956,5194,7.0,15436
3957,5195,1.0,15437
3958,5195,2.0,15438
3959,5195,3.0,15439
3960,5195,4.0,15440
3961,5195,5.0,15441
3962,5195,6.0,15442
3963,5196,1.0,15443
3964,5196,2.0,15444
3965,5196,3.0,15445
3966,5196,4.0,15446
3967,5196,5.0,15447
3968,5196,6.0,15448
3969,5197,1.0,15449
3970,5197,2.0,15450
3971,5197,3.0,15451
3972,5197,4.0,15452
3973,5197,5.0,15453
3974,5197,6.0,15454
3975,5197,7.0,15455
3976,5197,8.0,15456
3977,5198,1.0,15457
3978,5198,2.0,15458
3979,5198,3.0,15459
3980,5198,4.0,15460
3981,5198,5.0,15461
3982,5199,1.0,15462
3983,5199,2.0,15463
3984,5199,3.0,15464
3985,5199,4.0,15465
3986,5200,1.0,15466
3987,5200,2.0,15467
3988,5200,3.0,15468
3989,5200,4.0,15469
3990,5200,5.0,15470
3991,5200,6.0,15471
3992,5201,1.0,15472
3993,5201,2.0,15473
3994,5201,3.0,15474
3995,5201,4.0,15475
3996,5201,5.0,15476
3997,5202,1.0,15477
3998,5202,2.0,15478
3999,5202,3.0,15479
4000,5202,4.0,15480
4001,5202,5.0,15481
4002,5202,6.0,15482
4003,5202,7.0,15483
4004,5202,8.0,15485
4005,5204,1.0,15487
4006,5204,2.0,15488
4007,5204,3.0,15489
4008,5204,4.0,15490
4009,5204,5.0,15491
4010,5204,6.0,15492
4011,5204,7.0,15493
4012,5205,1.0,15494
4013,5205,2.0,15495
4014,5205,3.0,15496
4015,5205,4.0,15497
4016,5205,5.0,15498
4017,5205,6.0,15499
4018,5205,7.0,15500
4019,5205,8.0,15501
4020,5206,1.0,15502
4021,5206,2.0,15503
4022,5206,3.0,15504
4023,5207,1.0,15505
4024,5207,2.0,15506
4025,5207,3.0,15507
4026,5207,4.0,15508
4027,5208,1.0,15509
4028,5208,2.0,15510
4029,5208,3.0,15511
4030,5209,1.0,15512
4031,5209,2.0,15513
4032,5209,3.0,15514
4033,5209,4.0,15515
4034,5209,5.0,15516
4035,5209,6.0,15517
4036,5210,1.0,15518
4037,5210,2.0,15519
4038,5210,3.0,15520
4039,5210,4.0,15521
4040,5211,1.0,15522
4041,5211,2.0,15523
4042,5211,3.0,15524
4043,5211,4.0,15525
4044,5212,1.0,15526
4045,5212,2.0,15527
4046,5212,3.0,15528
4047,5212,4.0,15529
4048,5213,1.0,15530
4049,5213,2.0,15531
4050,5213,3.0,15532
4051,5213,4.0,15533
4052,5213,5.0,15534
4053,5213,6.0,15535
4054,5214,1.0,15536
4055,5214,2.0,15537
4056,5214,3.0,15538
4057,5215,1.0,15539
4058,5215,2.0,15540
4059,5216,1.0,15541
4060,5216,2.0,15542
4061,5216,3.0,15543
4062,5217,1.0,15544
4063,5217,2.0,15545
4064,5217,3.0,15546
4065,5217,4.0,15547
4066,5218,1.0,15548
4067,5218,2.0,15549
4068,5219,1.0,15550
4069,5219,2.0,15551
4070,5219,3.0,15552
4071,5219,4.0,15553
4072,5220,1.0,15554
4073,5220,2.0,15555
4074,5220,3.0,15556
4075,5221,1.0,15557
4076,5221,2.0,15558
4077,5222,1.0,15559
4078,5222,2.0,15560
4079,5289,1.0,15834
4080,5289,2.0,15835
4081,5289,3.0,15836
4082,5289,4.0,15837
4083,5289,5.0,15838
4084,5289,6.0,15839
4085,5289,7.0,15840
4086,5290,1.0,15841
4087,5290,2.0,15842
4088,5452,1.0,16469
4089,5452,2.0,16470
4090,5452,3.0,16471
4091,5453,1.0,16472
4092,5453,2.0,16473
4093,5453,3.0,16474
4094,5453,4.0,16475
4095,5454,1.0,16476
4096,5454,2.0,16477
4097,5454,3.0,16478
4098,5455,1.0,16479
4099,5455,2.0,16480
4100,5455,3.0,16481
4101,5455,4.0,16482
4102,5456,1.0,16483
4103,5456,2.0,16484
4104,5456,3.0,16485
4105,5456,4.0,16486
4106,5457,1.0,16487
4107,5457,2.0,16488
4108,5457,3.0,16489
4109,5457,4.0,16490
4110,5457,5.0,16491
4111,5458,1.0,16492
4112,5458,2.0,16493
4113,5458,3.0,16494
4114,5459,1.0,16495
4115,5459,2.0,16496
4116,5459,3.0,16497
4117,5459,4.0,16498
4118,5460,1.0,16499
4119,5460,2.0,16500
4120,5460,3.0,16501
4121,5461,1.0,16502
4122,5461,2.0,16503
4123,5461,3.0,16504
4124,5462,1.0,16505
4125,5462,2.0,16506
4126,5463,1.0,16507
4127,5463,2.0,16508
4128,5463,3.0,16509
4129,5464,1.0,16510
4130,5464,2.0,16511
4131,5464,3.0,16512
4132,5465,1.0,16513
4133,5465,2.0,16514
4134,5465,3.0,16515
4135,5466,1.0,16516
4136,5466,2.0,16517
4137,5466,3.0,16518
4138,5466,4.0,16519
4139,5466,5.0,16520
4140,5467,1.0,16521
4141,5467,2.0,16522
4142,5467,3.0,16523
4143,5467,4.0,16524
4144,5468,1.0,16525
4145,5468,2.0,16526
4146,5468,3.0,16527
4147,5468,4.0,16528
4148,5469,1.0,16529
4149,5469,2.0,16530
4150,5469,3.0,16531
4151,5470,1.0,16532
4152,5470,2.0,16533
4153,5470,3.0,16534
4154,5471,1.0,16535
4155,5471,2.0,16536
4156,5471,3.0,16537
4157,5472,1.0,16538
4158,5472,2.0,16539
4159,5472,3.0,16540
4160,5473,1.0,16541
4161,5474,1.0,16542
4162,5473,2.0,16543
4163,5474,2.0,16544
4164,5473,3.0,16545
4165,5474,3.0,16546
4166,5474,4.0,16547
4167,5474,5.0,16548
4168,5475,1.0,16549
4169,5474,6.0,16550
4170,5475,2.0,16551
4171,5475,3.0,16552
4172,5474,7.0,16553
4173,5475,4.0,16554
4174,5474,8.0,16555
4175,5476,1.0,16556
4176,5476,2.0,16557
4177,5476,3.0,16558
4178,5477,1.0,16559
4179,5477,2.0,16560
4180,5477,3.0,16561
4181,5477,4.0,16562
4182,5478,1.0,16563
4183,5478,2.0,16564
4184,5479,1.0,16565
4185,5479,2.0,16566
4186,5479,3.0,16567
4187,5479,4.0,16568
4188,5480,1.0,16569
4189,5481,1.0,16570
4190,5480,2.0,16571
4191,5481,2.0,16572
4192,5480,3.0,16573
4193,5480,4.0,16574
4194,5481,3.0,16575
4195,5480,5.0,16576
4196,5481,4.0,16577
4197,5481,5.0,16578
4198,5482,1.0,16579
4199,5483,1.0,16580
4200,5483,2.0,16581
4201,5482,2.0,16582
4202,5483,3.0,16583
4203,5482,3.0,16584
4204,5482,4.0,16585
4205,5482,5.0,16586
4206,5484,1.0,16587
4207,5484,2.0,16588
4208,5485,1.0,16591
4209,5486,1.0,16592
4210,5485,2.0,16593
4211,5485,3.0,16596
4212,5485,4.0,16597
4213,5487,1.0,16598
4214,5485,5.0,16599
4215,5488,1.0,16602
4216,5488,2.0,16603
4217,5488,3.0,16604
4218,5489,1.0,16605
4219,5488,4.0,16606
4220,5488,5.0,16608
4221,5490,1.0,16609
4222,5491,1.0,16610
4223,5491,2.0,16611
4224,5490,2.0,16612
4225,5491,3.0,16613
4226,5490,3.0,16614
4227,5492,1.0,16615
4228,5493,1.0,16616
4229,5492,2.0,16617
4230,5492,3.0,16618
4231,5493,2.0,16619
4232,5494,1.0,16621
4233,5494,2.0,16622
4234,5494,3.0,16623
4235,5495,1.0,16624
4236,5495,2.0,16625
4237,5495,3.0,16626
4238,5495,4.0,16627
4239,5495,5.0,16628
4240,5496,1.0,16629
4241,5497,1.0,16630
4242,5496,2.0,16631
4243,5497,2.0,16632
4244,5497,3.0,16633
4245,5496,3.0,16634
4246,5497,4.0,16635
4247,5496,4.0,16636
4248,5498,1.0,16637
4249,5498,2.0,16638
4250,5499,1.0,16641
4251,5500,1.0,16644
4252,5501,1.0,16645
4253,5501,2.0,16647
4254,5501,3.0,16649
4255,5501,4.0,16650
4256,5502,1.0,16651
4257,5502,2.0,16653
4258,5502,3.0,16655
4259,5504,1.0,16659
4260,5504,2.0,16660
4261,5504,3.0,16661
4262,5505,1.0,16662
4263,5532,1.0,16781
4264,5532,2.0,16782
4265,5533,1.0,16783
4266,5533,2.0,16784
4267,5533,3.0,16785
4268,5533,4.0,16786
4269,5533,5.0,16787
4270,5534,1.0,16788
4271,5534,2.0,16789
4272,5534,3.0,16790
4273,5534,4.0,16791
4274,5534,5.0,16792
4275,5535,1.0,16793
4276,5536,1.0,16798
4277,5536,2.0,16799
4278,5536,3.0,16800
4279,5539,1.0,16809
4280,5539,2.0,16810
4281,5539,3.0,16811
4282,5539,4.0,16812
4283,5541,1.0,16817
4284,5565,1.0,16919
4285,5568,1.0,16937
4286,5569,1.0,16938
4287,5569,2.0,16939
4288,5570,1.0,16940
4289,5571,1.0,16944
4290,5576,1.0,16953
4291,5576,2.0,16954
4292,5599,1.0,17019
4293,5568,2.0,17089
4294,5623,1.0,17090
4295,5623,2.0,17091
4296,5623,3.0,17092
4297,5623,4.0,17093
4298,5623,5.0,17094
4299,5624,1.0,17095
4300,5624,2.0,17096
4301,5624,3.0,17097
4302,5624,4.0,17098
4303,5624,5.0,17099
4304,5625,1.0,17100
4305,5625,2.0,17101
4306,5625,3.0,17102
4307,5626,1.0,17103
4308,5626,2.0,17104
4309,5626,3.0,17105
4310,5627,1.0,17106
4311,5627,2.0,17107
4312,5627,3.0,17108
4313,5628,1.0,17109
4314,5628,2.0,17110
4315,5628,3.0,17111
4316,5629,1.0,17112
4317,5629,2.0,17113
4318,5629,3.0,17114
4319,5629,4.0,17115
4320,5629,5.0,17116
4321,5630,1.0,17117
4322,5630,2.0,17118
4323,5630,3.0,17119
4324,5631,1.0,17120
4325,5631,2.0,17121
4326,5632,1.0,17122
4327,5632,2.0,17123
4328,5634,1.0,17127
4329,5636,1.0,17129
4330,5642,1.0,17143
4331,5568,3.0,17160
4332,5657,1.0,17193
4333,5657,2.0,17194
4334,5657,3.0,17195
4335,5657,4.0,17196
4336,5657,5.0,17197
4337,5657,6.0,17198
4338,5657,7.0,17199
4339,5658,1.0,17200
4340,5658,2.0,17201
4341,5658,3.0,17202
4342,5658,4.0,17203
4343,5658,5.0,17204
4344,5658,6.0,17205
4345,5658,7.0,17206
4346,5658,8.0,17207
4347,5658,9.0,17208
4348,5658,10.0,17209
4349,5658,11.0,17210
4350,5659,1.0,17211
4351,5659,2.0,17212
4352,5659,3.0,17213
4353,5659,4.0,17214
4354,5659,5.0,17215
4355,5659,6.0,17216
4356,5659,7.0,17217
4357,5659,8.0,17218
4358,5660,1.0,17219
4359,5660,2.0,17220
4360,5660,3.0,17221
4361,5660,4.0,17222
4362,5660,5.0,17223
4363,5660,6.0,17224
4364,5661,1.0,17225
4365,5661,2.0,17226
4366,5662,1.0,17227
4367,5662,2.0,17228
4368,5662,3.0,17229
4369,5663,1.0,17230
4370,5663,2.0,17231
4371,5663,3.0,17232
4372,5664,1.0,17233
4373,5664,2.0,17234
4374,5665,1.0,17235
4375,5665,2.0,17236
4376,5666,1.0,17239
4377,5666,2.0,17240
4378,5666,3.0,17241
4379,5667,1.0,17242
4380,5667,2.0,17243
4381,5668,1.0,17244
4382,5184,4.0,18412
4383,5190,2.0,19284
4384,6221,1.0,19285
4385,6221,2.0,19286
4386,6221,3.0,19287
4387,6221,4.0,19288
4388,6227,1.0,19297
4389,6227,2.0,19299
4390,6230,1.0,19301
4391,6230,2.0,19302
4392,6242,1.0,19311
4393,6242,2.0,19312
4394,6242,3.0,19313
4395,6242,4.0,19314
4396,6275,3.0,19349
4397,6463,1.0,19837
4398,6463,2.0,19838
4399,6463,3.0,19839
4400,6463,4.0,19840
4401,6464,1.0,19841
4402,6464,2.0,19842
4403,6464,3.0,19843
4404,6465,1.0,19844
4405,6465,2.0,19845
4406,6465,3.0,19846
4407,6465,4.0,19847
4408,6465,5.0,19848
4409,6466,1.0,19849
4410,6466,2.0,19850
4411,6466,3.0,19851
4412,6467,1.0,19852
4413,6467,2.0,19853
4414,6467,3.0,19854
4415,6468,1.0,19855
4416,6468,2.0,19856
4417,6468,3.0,19857
4418,6468,4.0,19858
4419,6468,5.0,19859
4420,6468,6.0,19860
4421,6468,7.0,19861
4422,6468,8.0,19862
4423,6468,9.0,19863
4424,6469,1.0,19864
4425,6469,2.0,19865
4426,6469,3.0,19866
4427,6469,4.0,19867
4428,6470,1.0,19868
4429,6470,2.0,19869
4430,6470,3.0,19870
4431,6471,1.0,19871
4432,6471,2.0,19872
4433,6471,3.0,19873
4434,6471,4.0,19874
4435,6472,1.0,19875
4436,6472,2.0,19876
4437,6472,3.0,19877
4438,6472,4.0,19878
4439,6472,5.0,19879
4440,6473,1.0,19880
4441,6473,2.0,19881
4442,6473,3.0,19882
4443,6473,4.0,19883
4444,6473,5.0,19884
4445,6474,1.0,19885
4446,6474,2.0,19886
4447,6474,3.0,19887
4448,6474,4.0,19888
4449,6475,1.0,19889
4450,6476,1.0,19890
4451,6477,1.0,19893
4452,6480,1.0,19911
4453,6480,2.0,19912
4454,6480,3.0,19913
4455,6481,1.0,19914
4456,6481,2.0,19915
4457,6482,1.0,19916
4458,6482,2.0,19917
4459,6482,4.0,19919
4460,6482,5.0,19920
4461,6483,1.0,19921
4462,6484,1.0,19927
4463,6484,2.0,19928
4464,6484,3.0,19929
4465,6485,1.0,19930
4466,6485,2.0,19931
4467,6485,3.0,19932
4468,6486,1.0,19933
4469,6487,1.0,19934
4470,6487,2.0,19935
4471,6487,3.0,19936
4472,6487,4.0,19937
4473,6488,1.0,19938
4474,6489,1.0,19944
4475,6491,1.0,19949
4476,6492,1.0,19951
4477,6496,1.0,19961
4478,6263,1.0,20004
4479,6263,2.0,20005
4480,6264,1.0,20007
4481,6511,1.0,20048
4482,6511,2.0,20049
4483,6511,3.0,20050
4484,6520,1.0,20052
4485,6520,2.0,20053
4486,6520,3.0,20054
4487,6530,2.0,20105
4488,6530,1.0,20177
4489,6530,3.0,20178
4490,6665,1.0,20538
4491,6668,1.0,20567
4492,6668,2.0,20568
4493,6668,3.0,20569
4494,6668,4.0,20570
4495,6668,5.0,20571
4496,6693,1.0,20618
4497,6462,1.0,20626
4498,6462,3.0,20627
4499,6462,2.0,20629
4500,6559,2.0,20649
4501,6275,5.0,20652
4502,6791,1.0,20917
4503,6796,1.0,20935
4504,6796,2.0,20936
4505,6830,1.0,21034
4506,6275,6.0,21065
4507,6842,1.0,21067
4508,6843,1.0,21069
4509,6275,1.0,21109
4510,6275,2.0,21110
4511,6461,1.0,21111
4512,6461,2.0,21112
4513,6461,3.0,21113
4514,6275,4.0,21114
4515,6461,4.0,21115
4516,6461,5.0,21121
4517,6275,7.0,21124
4518,6275,8.0,21128
4519,6870,1.0,21133
4520,6870,2.0,21134
4521,6275,10.0,21136
4522,6275,9.0,21157
4523,6275,11.0,21158
4524,6275,12.0,21159
4525,6879,1.0,21166
4526,6879,2.0,21167
4527,6934,1.0,21364
4528,6976,1.0,21500
4529,6559,1.0,21501
4530,6996,1.0,21508
4531,6996,2.0,21509
4532,6996,3.0,21518
4533,7004,1.0,21523
4534,7004,3.0,21526
4535,7004,4.0,21527
4536,7004,5.0,21528
4537,7012,1.0,21544
4538,7012,2.0,21545
4539,7012,3.0,21552
4540,7004,2.0,21556
4541,7013,1.0,21560
4542,7023,1.0,21573
4543,7022,1.0,21580
4544,7133,1.0,21788
4545,6265,1.0,21795
4546,6265,3.0,21797
4547,7133,2.0,21804
4548,7262,1.0,21978
4549,7262,2.0,21984
